/*
SQLyog Community v13.3.1 (64 bit)
MySQL - 8.4.7 : Database - retail
*********************************************************************
*/

/*!40101 SET NAMES utf8 */;

/*!40101 SET SQL_MODE=''*/;

/*!40014 SET @OLD_UNIQUE_CHECKS=@@UNIQUE_CHECKS, UNIQUE_CHECKS=0 */;
/*!40014 SET @OLD_FOREIGN_KEY_CHECKS=@@FOREIGN_KEY_CHECKS, FOREIGN_KEY_CHECKS=0 */;
/*!40101 SET @OLD_SQL_MODE=@@SQL_MODE, SQL_MODE='NO_AUTO_VALUE_ON_ZERO' */;
/*!40111 SET @OLD_SQL_NOTES=@@SQL_NOTES, SQL_NOTES=0 */;
CREATE DATABASE /*!32312 IF NOT EXISTS*/`retail` /*!40100 DEFAULT CHARACTER SET utf8mb4 COLLATE utf8mb4_0900_ai_ci */ /*!80016 DEFAULT ENCRYPTION='N' */;

USE `retail`;

/*Table structure for table `attender` */

DROP TABLE IF EXISTS `attender`;

CREATE TABLE `attender` (
  `id` int unsigned NOT NULL AUTO_INCREMENT,
  `name` varchar(255) NOT NULL,
  `code` varchar(255) DEFAULT NULL,
  `is_active` int DEFAULT '1',
  PRIMARY KEY (`id`)
) ENGINE=InnoDB AUTO_INCREMENT=3 DEFAULT CHARSET=utf8mb4 COLLATE=utf8mb4_0900_ai_ci;

/*Data for the table `attender` */

insert  into `attender`(`id`,`name`,`code`,`is_active`) values 
(1,'Rahul','001',1),
(2,'Krish','002',1);

/*Table structure for table `company_details` */

DROP TABLE IF EXISTS `company_details`;

CREATE TABLE `company_details` (
  `id` int unsigned NOT NULL AUTO_INCREMENT,
  `shop_name` varchar(255) CHARACTER SET utf8mb4 COLLATE utf8mb4_0900_ai_ci NOT NULL,
  `address` text,
  `gstin` varchar(255) DEFAULT NULL,
  `print_type` int NOT NULL DEFAULT '0',
  `printer_name` varchar(255) DEFAULT NULL,
  `bank_details` varchar(255) DEFAULT NULL,
  `barcode_printer` varchar(255) DEFAULT NULL,
  PRIMARY KEY (`id`)
) ENGINE=InnoDB AUTO_INCREMENT=3 DEFAULT CHARSET=utf8mb4 COLLATE=utf8mb4_0900_ai_ci;

/*Data for the table `company_details` */

insert  into `company_details`(`id`,`shop_name`,`address`,`gstin`,`print_type`,`printer_name`,`bank_details`,`barcode_printer`) values 
(2,'Javera Collections','4,TSMO Syed Ali Nagar\r\nKurichi Main Road\r\nTirunelveli-627005','',2,'','Bank name:SBI\r\nNo : 74748499\r\nIFSC:37ADD','AP4909');

/*Table structure for table `configure_bank_details` */

DROP TABLE IF EXISTS `configure_bank_details`;

CREATE TABLE `configure_bank_details` (
  `id` int unsigned NOT NULL AUTO_INCREMENT,
  `name` varchar(255) NOT NULL,
  `is_blocked` tinyint unsigned NOT NULL DEFAULT '0',
  PRIMARY KEY (`id`)
) ENGINE=InnoDB AUTO_INCREMENT=5 DEFAULT CHARSET=latin1;

/*Data for the table `configure_bank_details` */

insert  into `configure_bank_details`(`id`,`name`,`is_blocked`) values 
(1,'SBI BANK',0),
(2,'CANARA BANK',0),
(3,'AXIS BANK',0),
(4,'IOB BANK',0);

/*Table structure for table `configure_payment_type` */

DROP TABLE IF EXISTS `configure_payment_type`;

CREATE TABLE `configure_payment_type` (
  `id` int unsigned NOT NULL AUTO_INCREMENT,
  `name` varchar(255) NOT NULL,
  `is_blocked` int unsigned NOT NULL DEFAULT '0',
  `type_id` int unsigned NOT NULL DEFAULT '0',
  PRIMARY KEY (`id`)
) ENGINE=InnoDB AUTO_INCREMENT=6 DEFAULT CHARSET=latin1;

/*Data for the table `configure_payment_type` */

insert  into `configure_payment_type`(`id`,`name`,`is_blocked`,`type_id`) values 
(1,'Cash',0,1),
(2,'BANK',0,2);

/*Table structure for table `credit_days` */

DROP TABLE IF EXISTS `credit_days`;

CREATE TABLE `credit_days` (
  `id` int unsigned NOT NULL AUTO_INCREMENT,
  `credit_days` int NOT NULL,
  PRIMARY KEY (`id`)
) ENGINE=InnoDB AUTO_INCREMENT=2 DEFAULT CHARSET=utf8mb4 COLLATE=utf8mb4_0900_ai_ci;

/*Data for the table `credit_days` */

insert  into `credit_days`(`id`,`credit_days`) values 
(1,10);

/*Table structure for table `customers` */

DROP TABLE IF EXISTS `customers`;

CREATE TABLE `customers` (
  `id` int unsigned NOT NULL AUTO_INCREMENT,
  `name` varchar(255) NOT NULL,
  `phone_number` varchar(255) DEFAULT NULL,
  `address` varchar(255) DEFAULT NULL,
  `date` date DEFAULT NULL,
  `time` time DEFAULT NULL,
  `is_eligible_for_commission` tinyint DEFAULT '1',
  `is_active` int DEFAULT '1',
  `gstin` varchar(255) DEFAULT NULL,
  `is_gst` int DEFAULT '0',
  `salesman` int DEFAULT NULL,
  `area` int DEFAULT NULL,
  `credit_limit` double(10,2) NOT NULL DEFAULT '0.00',
  `local` int DEFAULT '1',
  PRIMARY KEY (`id`)
) ENGINE=InnoDB AUTO_INCREMENT=9 DEFAULT CHARSET=utf8mb4 COLLATE=utf8mb4_0900_ai_ci;

/*Data for the table `customers` */

insert  into `customers`(`id`,`name`,`phone_number`,`address`,`date`,`time`,`is_eligible_for_commission`,`is_active`,`gstin`,`is_gst`,`salesman`,`area`,`credit_limit`,`local`) values 
(1,'jaswa','9898989898','dssssss1','2026-02-18','12:24:30',1,1,'',0,0,0,0.00,1),
(2,'aaaasaa','2332333333','','2026-02-19','12:14:05',1,1,'',0,0,0,0.00,1),
(3,'asssdvsd sdfsdgdsgdgdsg ddgdgdg','-','','2026-02-19','12:28:23',1,1,'',0,0,0,50000.00,1),
(4,'Walk-in Customer',NULL,'','2026-02-27','16:09:30',1,1,'',0,0,0,50000.00,1),
(5,'jejh','9898989898','','2026-03-03','09:52:39',1,1,'',0,0,0,50000.00,1),
(6,'ghgg','87878787887','','2026-03-03','09:58:15',1,1,'',0,0,0,50000.00,1),
(7,'ssss','9898989898','','2026-03-03','16:42:22',1,1,'',0,0,0,50000.00,1),
(8,'jasw','95957451419','','2026-03-05','17:54:21',1,1,'',0,0,0,50000.00,1);

/*Table structure for table `expense_entry` */

DROP TABLE IF EXISTS `expense_entry`;

CREATE TABLE `expense_entry` (
  `id` int unsigned NOT NULL AUTO_INCREMENT,
  `exp_type` int NOT NULL,
  `content` varchar(255) NOT NULL,
  `amount` decimal(10,2) NOT NULL,
  `description` text,
  `exc_date_time` datetime DEFAULT NULL,
  `entry_date_time` datetime DEFAULT NULL,
  `is_active` int DEFAULT '1',
  `uid` int NOT NULL,
  PRIMARY KEY (`id`),
  KEY `type` (`exp_type`)
) ENGINE=InnoDB AUTO_INCREMENT=4 DEFAULT CHARSET=utf8mb4 COLLATE=utf8mb4_0900_ai_ci;

/*Data for the table `expense_entry` */

insert  into `expense_entry`(`id`,`exp_type`,`content`,`amount`,`description`,`exc_date_time`,`entry_date_time`,`is_active`,`uid`) values 
(1,1,'Tea j',500.00,'in ngl','2026-02-26 11:33:00','2026-02-27 11:35:16',1,1),
(2,2,'employee',200.00,'sdghcsdc\r\nhdhjcjndc\r\ndshbdhcb','2026-02-27 11:51:00','2026-02-27 11:51:41',1,22),
(3,1,'tea dfj',100.00,'ddgdfg','2026-03-05 18:06:00','2026-03-05 18:06:37',1,1);

/*Table structure for table `expense_type` */

DROP TABLE IF EXISTS `expense_type`;

CREATE TABLE `expense_type` (
  `id` int unsigned NOT NULL AUTO_INCREMENT,
  `type` varchar(255) NOT NULL,
  `is_active` int DEFAULT '1',
  PRIMARY KEY (`id`)
) ENGINE=InnoDB AUTO_INCREMENT=3 DEFAULT CHARSET=utf8mb4 COLLATE=utf8mb4_0900_ai_ci;

/*Data for the table `expense_type` */

insert  into `expense_type`(`id`,`type`,`is_active`) values 
(1,'Tea Exp',1),
(2,'Other',1);

/*Table structure for table `gstin` */

DROP TABLE IF EXISTS `gstin`;

CREATE TABLE `gstin` (
  `id` int unsigned NOT NULL AUTO_INCREMENT,
  `gstin` varchar(255) NOT NULL,
  `shop_name` varchar(255) NOT NULL,
  PRIMARY KEY (`id`)
) ENGINE=InnoDB DEFAULT CHARSET=utf8mb4 COLLATE=utf8mb4_0900_ai_ci;

/*Data for the table `gstin` */

/*Table structure for table `heading` */

DROP TABLE IF EXISTS `heading`;

CREATE TABLE `heading` (
  `id` int unsigned NOT NULL AUTO_INCREMENT,
  `head1` varchar(255) DEFAULT NULL,
  `head2` varchar(255) DEFAULT NULL,
  `head3` varchar(255) DEFAULT NULL,
  `active` int DEFAULT '0',
  PRIMARY KEY (`id`)
) ENGINE=InnoDB AUTO_INCREMENT=2 DEFAULT CHARSET=latin1;

/*Data for the table `heading` */

insert  into `heading`(`id`,`head1`,`head2`,`head3`,`active`) values 
(1,'Category','Brand','Product',200);

/*Table structure for table `order_tables` */

DROP TABLE IF EXISTS `order_tables`;

CREATE TABLE `order_tables` (
  `id` int unsigned NOT NULL AUTO_INCREMENT,
  `name` varchar(255) NOT NULL,
  `is_occupied` int NOT NULL DEFAULT '0',
  PRIMARY KEY (`id`)
) ENGINE=InnoDB AUTO_INCREMENT=2 DEFAULT CHARSET=utf8mb4 COLLATE=utf8mb4_0900_ai_ci;

/*Data for the table `order_tables` */

insert  into `order_tables`(`id`,`name`,`is_occupied`) values 
(1,'new',1);

/*Table structure for table `prod_batch` */

DROP TABLE IF EXISTS `prod_batch`;

CREATE TABLE `prod_batch` (
  `id` int unsigned NOT NULL AUTO_INCREMENT,
  `name` varchar(255) NOT NULL,
  `product_id` int NOT NULL,
  `cost` double(10,3) DEFAULT '0.000',
  `mrp` double(10,3) DEFAULT '0.000',
  `commission` double(10,3) DEFAULT '0.000',
  `stock` decimal(10,2) NOT NULL,
  `disc_type` int DEFAULT '0' COMMENT '1=rs 2=%',
  `discount` double(10,3) DEFAULT '0.000',
  `date` date DEFAULT NULL,
  `time` time DEFAULT '00:00:00',
  `added_stock` decimal(10,2) NOT NULL,
  `uid` int NOT NULL,
  PRIMARY KEY (`id`),
  KEY `prod` (`product_id`),
  KEY `disc` (`disc_type`),
  KEY `uid` (`uid`)
) ENGINE=InnoDB AUTO_INCREMENT=309 DEFAULT CHARSET=latin1;

/*Data for the table `prod_batch` */

insert  into `prod_batch`(`id`,`name`,`product_id`,`cost`,`mrp`,`commission`,`stock`,`disc_type`,`discount`,`date`,`time`,`added_stock`,`uid`) values 
(1,'ZJ01',1,26.000,35.000,1.000,995.00,0,0.000,'2026-02-12','23:30:15',1000.00,1),
(2,'ZJ02',2,21.000,30.000,0.000,998.00,0,0.000,'2026-02-12','23:30:47',1000.00,1),
(3,'ZJ03',3,13.000,18.000,0.000,1000.00,0,0.000,'2026-02-12','23:31:09',1000.00,1),
(4,'ZJ04',4,7.000,10.000,0.000,1000.00,0,0.000,'2026-02-12','23:31:29',1000.00,1),
(5,'ZJ05',5,70.000,90.000,0.000,1000.00,0,0.000,'2026-02-12','23:32:22',1000.00,1),
(6,'ZJ06',6,54.000,75.000,0.000,999.00,0,0.000,'2026-02-12','23:33:19',1000.00,1),
(7,'ZJ07',7,60.000,75.000,0.000,1000.00,0,0.000,'2026-02-12','23:35:01',1000.00,1),
(8,'ZJ08',8,50.000,65.000,0.000,1000.00,0,0.000,'2026-02-12','23:35:25',1000.00,1),
(9,'ZJ09',9,70.000,100.000,0.000,1000.00,0,0.000,'2026-02-12','23:35:57',1000.00,1),
(10,'ZJ10',10,80.000,120.000,0.000,999.00,0,0.000,'2026-02-12','23:37:35',1000.00,1),
(11,'ZJ11',11,60.000,100.000,0.000,1000.00,0,0.000,'2026-02-12','23:38:16',1000.00,1),
(12,'ZJ12',12,75.000,110.000,0.000,1000.00,0,0.000,'2026-02-12','23:38:42',1000.00,1),
(13,'ZJ13',13,0.000,0.000,0.000,1000.00,0,0.000,'2026-02-15','10:50:22',1000.00,1),
(14,'ZJ14',14,0.000,0.000,0.000,1000.00,0,0.000,'2026-02-15','10:51:23',1000.00,1),
(15,'ZJ15',15,0.000,0.000,0.000,1000.00,0,0.000,'2026-02-15','10:52:19',1000.00,1),
(16,'ZJ16',16,0.000,0.000,0.000,1000.00,0,0.000,NULL,'00:00:00',1000.00,1),
(17,'ZJ17',17,0.000,0.000,0.000,1000.00,0,0.000,NULL,'00:00:00',1000.00,1),
(18,'ZJ18',18,0.000,0.000,0.000,1000.00,0,0.000,NULL,'00:00:00',1000.00,1),
(19,'ZJ19',19,0.000,0.000,0.000,1000.00,0,0.000,NULL,'00:00:00',1000.00,1),
(20,'ZJ20',20,0.000,0.000,0.000,1000.00,0,0.000,NULL,'00:00:00',1000.00,1),
(21,'ZJ21',21,0.000,0.000,0.000,1000.00,0,0.000,NULL,'00:00:00',1000.00,1),
(22,'ZJ22',22,0.000,0.000,0.000,1000.00,0,0.000,NULL,'00:00:00',1000.00,1),
(23,'ZJ23',23,0.000,0.000,0.000,1000.00,0,0.000,NULL,'00:00:00',1000.00,1),
(24,'ZJ24',24,0.000,0.000,0.000,1000.00,0,0.000,NULL,'00:00:00',1000.00,1),
(25,'ZJ25',25,0.000,0.000,0.000,1000.00,0,0.000,NULL,'00:00:00',1000.00,1),
(26,'ZJ26',26,0.000,0.000,0.000,1000.00,0,0.000,NULL,'00:00:00',1000.00,1),
(27,'ZJ27',27,0.000,0.000,0.000,1000.00,0,0.000,NULL,'00:00:00',1000.00,1),
(28,'ZJ28',28,0.000,0.000,0.000,1000.00,0,0.000,NULL,'00:00:00',1000.00,1),
(29,'ZJ29',29,0.000,0.000,0.000,1000.00,0,0.000,NULL,'00:00:00',1000.00,1),
(30,'ZJ30',30,0.000,0.000,0.000,1000.00,0,0.000,NULL,'00:00:00',1000.00,1),
(31,'ZJ31',0,0.000,0.000,0.000,1000.00,0,0.000,NULL,'00:00:00',1000.00,1),
(32,'ZJ32',0,0.000,0.000,0.000,1000.00,0,0.000,NULL,'00:00:00',1000.00,1),
(33,'ZJ33',0,0.000,0.000,0.000,1000.00,0,0.000,NULL,'00:00:00',1000.00,1),
(34,'ZJ34',0,0.000,0.000,0.000,1000.00,0,0.000,NULL,'00:00:00',1000.00,1),
(35,'ZJ35',0,0.000,0.000,0.000,1000.00,0,0.000,NULL,'00:00:00',1000.00,1),
(36,'ZJ36',0,0.000,0.000,0.000,1000.00,0,0.000,NULL,'00:00:00',1000.00,1),
(37,'ZJ37',0,0.000,0.000,0.000,1000.00,0,0.000,NULL,'00:00:00',1000.00,1),
(38,'ZJ38',0,0.000,0.000,0.000,1000.00,0,0.000,NULL,'00:00:00',1000.00,1),
(39,'ZJ39',0,0.000,0.000,0.000,1000.00,0,0.000,NULL,'00:00:00',1000.00,1),
(40,'ZJ40',0,0.000,0.000,0.000,1000.00,0,0.000,NULL,'00:00:00',1000.00,1),
(41,'ZJ41',41,0.000,0.000,0.000,1000.00,0,0.000,NULL,'00:00:00',1000.00,1),
(42,'ZJ42',42,0.000,0.000,0.000,1000.00,0,0.000,NULL,'00:00:00',1000.00,1),
(43,'ZJ43',43,0.000,0.000,0.000,1000.00,0,0.000,NULL,'00:00:00',1000.00,1),
(44,'ZJ44',44,0.000,0.000,0.000,1000.00,0,0.000,NULL,'00:00:00',1000.00,1),
(45,'ZJ45',45,0.000,0.000,0.000,1000.00,0,0.000,NULL,'00:00:00',1000.00,1),
(46,'ZJ46',46,0.000,0.000,0.000,1000.00,0,0.000,NULL,'00:00:00',1000.00,1),
(47,'ZJ47',47,0.000,0.000,0.000,1000.00,0,0.000,NULL,'00:00:00',1000.00,1),
(48,'ZJ48',48,0.000,0.000,0.000,1000.00,0,0.000,NULL,'00:00:00',1000.00,1),
(49,'ZJ49',49,0.000,0.000,0.000,1000.00,0,0.000,NULL,'00:00:00',1000.00,1),
(50,'ZJ50',50,0.000,0.000,0.000,1000.00,0,0.000,NULL,'00:00:00',1000.00,1),
(51,'ZJ51',51,0.000,0.000,0.000,1000.00,0,0.000,NULL,'00:00:00',1000.00,1),
(52,'ZJ52',52,0.000,0.000,0.000,1000.00,0,0.000,NULL,'00:00:00',1000.00,1),
(53,'ZJ53',53,0.000,0.000,0.000,1000.00,0,0.000,NULL,'00:00:00',1000.00,1),
(54,'ZJ54',54,0.000,0.000,0.000,1000.00,0,0.000,NULL,'00:00:00',1000.00,1),
(55,'ZJ55',55,0.000,0.000,0.000,1000.00,0,0.000,NULL,'00:00:00',1000.00,1),
(56,'ZJ56',56,0.000,0.000,0.000,1000.00,0,0.000,NULL,'00:00:00',1000.00,1),
(57,'ZJ57',57,0.000,0.000,0.000,1000.00,0,0.000,NULL,'00:00:00',1000.00,1),
(58,'ZJ58',58,0.000,0.000,0.000,1000.00,0,0.000,NULL,'00:00:00',1000.00,1),
(59,'ZJ59',59,0.000,0.000,0.000,1000.00,0,0.000,NULL,'00:00:00',1000.00,1),
(60,'ZJ60',60,0.000,0.000,0.000,1000.00,0,0.000,NULL,'00:00:00',1000.00,1),
(61,'ZJ61',61,0.000,0.000,0.000,1000.00,0,0.000,NULL,'00:00:00',1000.00,1),
(62,'ZJ62',62,0.000,0.000,0.000,1000.00,0,0.000,NULL,'00:00:00',1000.00,1),
(63,'ZJ63',63,0.000,0.000,0.000,1000.00,0,0.000,NULL,'00:00:00',1000.00,1),
(64,'ZJ64',64,0.000,0.000,0.000,1000.00,0,0.000,NULL,'00:00:00',1000.00,1),
(65,'ZJ65',65,0.000,0.000,0.000,1000.00,0,0.000,NULL,'00:00:00',1000.00,1),
(66,'ZJ66',66,0.000,0.000,0.000,1000.00,0,0.000,NULL,'00:00:00',1000.00,1),
(67,'ZJ67',67,0.000,0.000,0.000,999.00,0,0.000,NULL,'00:00:00',1000.00,1),
(68,'ZJ68',68,0.000,0.000,0.000,1000.00,0,0.000,NULL,'00:00:00',1000.00,1),
(69,'ZJ69',69,0.000,0.000,0.000,1000.00,0,0.000,NULL,'00:00:00',1000.00,1),
(70,'ZJ70',70,0.000,0.000,0.000,1000.00,0,0.000,NULL,'00:00:00',1000.00,1),
(71,'ZJ71',71,0.000,0.000,0.000,1000.00,0,0.000,NULL,'00:00:00',1000.00,1),
(72,'ZJ72',72,0.000,0.000,0.000,1000.00,0,0.000,NULL,'00:00:00',1000.00,1),
(73,'ZJ73',73,0.000,0.000,0.000,1000.00,0,0.000,NULL,'00:00:00',1000.00,1),
(74,'ZJ74',74,0.000,0.000,0.000,1000.00,0,0.000,NULL,'00:00:00',1000.00,1),
(75,'ZJ75',75,0.000,0.000,0.000,1000.00,0,0.000,NULL,'00:00:00',1000.00,1),
(76,'ZJ76',76,0.000,0.000,0.000,1000.00,0,0.000,NULL,'00:00:00',1000.00,1),
(77,'ZJ77',77,0.000,0.000,0.000,1000.00,0,0.000,NULL,'00:00:00',1000.00,1),
(78,'ZJ78',78,0.000,0.000,0.000,1000.00,0,0.000,NULL,'00:00:00',1000.00,1),
(79,'ZJ79',79,0.000,0.000,0.000,1000.00,0,0.000,NULL,'00:00:00',1000.00,1),
(80,'ZJ80',80,0.000,0.000,0.000,1000.00,0,0.000,NULL,'00:00:00',1000.00,1),
(81,'ZJ81',81,0.000,0.000,0.000,1000.00,0,0.000,NULL,'00:00:00',1000.00,1),
(82,'ZJ82',82,0.000,0.000,0.000,1000.00,0,0.000,NULL,'00:00:00',1000.00,1),
(83,'ZJ83',83,0.000,0.000,0.000,1000.00,0,0.000,NULL,'00:00:00',1000.00,1),
(84,'ZJ84',84,0.000,0.000,0.000,1000.00,0,0.000,NULL,'00:00:00',1000.00,1),
(85,'ZJ85',85,0.000,0.000,0.000,1000.00,0,0.000,NULL,'00:00:00',1000.00,1),
(86,'ZJ86',86,0.000,0.000,0.000,1000.00,0,0.000,NULL,'00:00:00',1000.00,1),
(87,'ZJ87',87,0.000,0.000,0.000,1000.00,0,0.000,NULL,'00:00:00',1000.00,1),
(88,'ZJ88',88,0.000,0.000,0.000,1000.00,0,0.000,NULL,'00:00:00',1000.00,1),
(89,'ZJ89',89,0.000,0.000,0.000,1000.00,0,0.000,NULL,'00:00:00',1000.00,1),
(90,'ZJ90',90,0.000,0.000,0.000,1000.00,0,0.000,NULL,'00:00:00',1000.00,1),
(91,'ZJ91',91,0.000,0.000,0.000,1000.00,0,0.000,NULL,'00:00:00',1000.00,1),
(92,'ZJ92',92,0.000,0.000,0.000,1000.00,0,0.000,NULL,'00:00:00',1000.00,1),
(93,'ZJ93',93,0.000,0.000,0.000,1000.00,0,0.000,NULL,'00:00:00',1000.00,1),
(94,'ZJ94',94,0.000,0.000,0.000,1000.00,0,0.000,NULL,'00:00:00',1000.00,1),
(95,'ZJ95',95,0.000,0.000,0.000,1000.00,0,0.000,NULL,'00:00:00',1000.00,1),
(96,'ZJ96',96,0.000,0.000,0.000,1000.00,0,0.000,NULL,'00:00:00',1000.00,1),
(97,'ZJ97',97,0.000,0.000,0.000,1000.00,0,0.000,NULL,'00:00:00',1000.00,1),
(98,'ZJ98',98,0.000,0.000,0.000,1000.00,0,0.000,NULL,'00:00:00',1000.00,1),
(99,'ZJ99',99,0.000,0.000,0.000,1000.00,0,0.000,NULL,'00:00:00',1000.00,1),
(100,'ZJ100',100,0.000,0.000,0.000,1000.00,0,0.000,NULL,'00:00:00',1000.00,1),
(101,'ZJ101',101,0.000,0.000,0.000,1000.00,0,0.000,NULL,'00:00:00',1000.00,1),
(102,'ZJ102',102,0.000,0.000,0.000,1000.00,0,0.000,NULL,'00:00:00',1000.00,1),
(103,'ZJ103',103,0.000,0.000,0.000,1000.00,0,0.000,NULL,'00:00:00',1000.00,1),
(104,'ZJ104',104,0.000,0.000,0.000,1000.00,0,0.000,NULL,'00:00:00',1000.00,1),
(105,'ZJ105',105,0.000,0.000,0.000,1000.00,0,0.000,NULL,'00:00:00',1000.00,1),
(106,'ZJ106',106,0.000,0.000,0.000,1000.00,0,0.000,NULL,'00:00:00',1000.00,1),
(107,'ZJ107',107,0.000,0.000,0.000,1000.00,0,0.000,NULL,'00:00:00',1000.00,1),
(108,'ZJ108',108,0.000,0.000,0.000,1000.00,0,0.000,NULL,'00:00:00',1000.00,1),
(109,'ZJ109',109,0.000,0.000,0.000,1000.00,0,0.000,NULL,'00:00:00',1000.00,1),
(110,'ZJ110',110,0.000,0.000,0.000,1000.00,0,0.000,NULL,'00:00:00',1000.00,1),
(111,'ZJ111',111,0.000,0.000,0.000,1000.00,0,0.000,NULL,'00:00:00',1000.00,1),
(112,'ZJ112',112,0.000,0.000,0.000,1000.00,0,0.000,NULL,'00:00:00',1000.00,1),
(113,'ZJ113',113,0.000,0.000,0.000,1000.00,0,0.000,NULL,'00:00:00',1000.00,1),
(114,'ZJ114',114,0.000,0.000,0.000,1000.00,0,0.000,NULL,'00:00:00',1000.00,1),
(115,'ZJ115',115,0.000,0.000,0.000,1000.00,0,0.000,NULL,'00:00:00',1000.00,1),
(116,'ZJ116',116,0.000,0.000,0.000,1000.00,0,0.000,NULL,'00:00:00',1000.00,1),
(117,'ZJ117',117,0.000,0.000,0.000,1000.00,0,0.000,NULL,'00:00:00',1000.00,1),
(118,'ZJ118',118,0.000,0.000,0.000,1000.00,0,0.000,NULL,'00:00:00',1000.00,1),
(119,'ZJ119',119,0.000,0.000,0.000,1000.00,0,0.000,NULL,'00:00:00',1000.00,1),
(120,'ZJ120',120,0.000,0.000,0.000,1000.00,0,0.000,NULL,'00:00:00',1000.00,1),
(121,'ZJ121',121,0.000,0.000,0.000,1000.00,0,0.000,NULL,'00:00:00',1000.00,1),
(122,'ZJ122',122,0.000,0.000,0.000,1000.00,0,0.000,NULL,'00:00:00',1000.00,1),
(123,'ZJ123',123,0.000,0.000,0.000,1000.00,0,0.000,NULL,'00:00:00',1000.00,1),
(124,'ZJ124',124,0.000,0.000,0.000,1000.00,0,0.000,NULL,'00:00:00',1000.00,1),
(125,'ZJ125',125,0.000,0.000,0.000,1000.00,0,0.000,NULL,'00:00:00',1000.00,1),
(126,'ZJ126',126,0.000,0.000,0.000,1000.00,0,0.000,NULL,'00:00:00',1000.00,1),
(127,'ZJ127',127,0.000,0.000,0.000,1000.00,0,0.000,NULL,'00:00:00',1000.00,1),
(128,'ZJ128',128,0.000,0.000,0.000,1000.00,0,0.000,NULL,'00:00:00',1000.00,1),
(129,'ZJ129',129,0.000,0.000,0.000,1000.00,0,0.000,NULL,'00:00:00',1000.00,1),
(130,'ZJ130',130,0.000,0.000,0.000,1000.00,0,0.000,NULL,'00:00:00',1000.00,1),
(131,'ZJ131',131,0.000,0.000,0.000,1000.00,0,0.000,NULL,'00:00:00',1000.00,1),
(132,'ZJ132',132,0.000,0.000,0.000,1000.00,0,0.000,NULL,'00:00:00',1000.00,1),
(133,'ZJ133',133,0.000,0.000,0.000,1000.00,0,0.000,NULL,'00:00:00',1000.00,1),
(134,'ZJ134',134,0.000,0.000,0.000,1000.00,0,0.000,NULL,'00:00:00',1000.00,1),
(135,'ZJ135',135,0.000,0.000,0.000,1000.00,0,0.000,NULL,'00:00:00',1000.00,1),
(136,'ZJ136',136,0.000,0.000,0.000,1000.00,0,0.000,NULL,'00:00:00',1000.00,1),
(137,'ZJ137',137,0.000,0.000,0.000,1000.00,0,0.000,NULL,'00:00:00',1000.00,1),
(138,'ZJ138',138,0.000,0.000,0.000,1000.00,0,0.000,NULL,'00:00:00',1000.00,1),
(139,'ZJ139',139,0.000,0.000,0.000,1000.00,0,0.000,NULL,'00:00:00',1000.00,1),
(140,'ZJ140',140,0.000,0.000,0.000,1000.00,0,0.000,NULL,'00:00:00',1000.00,1),
(141,'ZJ141',141,0.000,0.000,0.000,1000.00,0,0.000,NULL,'00:00:00',1000.00,1),
(142,'ZJ142',142,0.000,0.000,0.000,1000.00,0,0.000,NULL,'00:00:00',1000.00,1),
(143,'ZJ143',143,0.000,0.000,0.000,1000.00,0,0.000,NULL,'00:00:00',1000.00,1),
(144,'ZJ144',144,0.000,0.000,0.000,1000.00,0,0.000,NULL,'00:00:00',1000.00,1),
(145,'ZJ145',145,0.000,0.000,0.000,1000.00,0,0.000,NULL,'00:00:00',1000.00,1),
(146,'ZJ146',146,0.000,0.000,0.000,1000.00,0,0.000,NULL,'00:00:00',1000.00,1),
(147,'ZJ147',147,0.000,5.000,0.000,1000.00,0,0.000,NULL,'00:00:00',1000.00,1),
(148,'ZJ148',148,0.000,0.000,0.000,1000.00,0,0.000,NULL,'00:00:00',1000.00,1),
(149,'ZJ149',149,0.000,0.000,0.000,1000.00,0,0.000,NULL,'00:00:00',1000.00,1),
(150,'ZJ150',150,0.000,0.000,0.000,1000.00,0,0.000,NULL,'00:00:00',1000.00,1),
(151,'ZJ151',151,0.000,0.000,0.000,1000.00,0,0.000,NULL,'00:00:00',1000.00,1),
(152,'ZJ152',152,0.000,0.000,0.000,1000.00,0,0.000,NULL,'00:00:00',1000.00,1),
(153,'ZJ153',153,0.000,0.000,0.000,1000.00,0,0.000,NULL,'00:00:00',1000.00,1),
(154,'ZJ154',154,0.000,0.000,0.000,1000.00,0,0.000,NULL,'00:00:00',1000.00,1),
(155,'ZJ155',155,0.000,0.000,0.000,1000.00,0,0.000,NULL,'00:00:00',1000.00,1),
(156,'ZJ156',156,0.000,0.000,0.000,1000.00,0,0.000,NULL,'00:00:00',1000.00,1),
(157,'ZJ157',157,0.000,0.000,0.000,1000.00,0,0.000,NULL,'00:00:00',1000.00,1),
(158,'ZJ158',158,0.000,0.000,0.000,1000.00,0,0.000,NULL,'00:00:00',1000.00,1),
(159,'ZJ159',159,0.000,0.000,0.000,1000.00,0,0.000,NULL,'00:00:00',1000.00,1),
(160,'ZJ160',160,0.000,0.000,0.000,1000.00,0,0.000,NULL,'00:00:00',1000.00,1),
(161,'ZJ161',161,0.000,0.000,0.000,1000.00,0,0.000,NULL,'00:00:00',1000.00,1),
(162,'ZJ162',162,0.000,0.000,0.000,1000.00,0,0.000,NULL,'00:00:00',1000.00,1),
(163,'ZJ163',163,0.000,0.000,0.000,1000.00,0,0.000,NULL,'00:00:00',1000.00,1),
(164,'ZJ164',164,0.000,0.000,0.000,1000.00,0,0.000,NULL,'00:00:00',1000.00,1),
(165,'ZJ165',165,0.000,0.000,0.000,1000.00,0,0.000,NULL,'00:00:00',1000.00,1),
(166,'ZJ166',166,0.000,0.000,0.000,1000.00,0,0.000,NULL,'00:00:00',1000.00,1),
(167,'ZJ167',167,0.000,0.000,0.000,1000.00,0,0.000,NULL,'00:00:00',1000.00,1),
(168,'ZJ168',168,0.000,0.000,0.000,1000.00,0,0.000,NULL,'00:00:00',1000.00,1),
(169,'ZJ169',169,0.000,0.000,0.000,1000.00,0,0.000,NULL,'00:00:00',1000.00,1),
(170,'ZJ170',170,0.000,0.000,0.000,1000.00,0,0.000,NULL,'00:00:00',1000.00,1),
(171,'ZJ171',171,0.000,0.000,0.000,1000.00,0,0.000,NULL,'00:00:00',1000.00,1),
(172,'ZJ172',172,0.000,0.000,0.000,1000.00,0,0.000,NULL,'00:00:00',1000.00,1),
(173,'ZJ173',173,0.000,0.000,0.000,1000.00,0,0.000,NULL,'00:00:00',1000.00,1),
(174,'ZJ174',174,0.000,0.000,0.000,1000.00,0,0.000,NULL,'00:00:00',1000.00,1),
(175,'ZJ175',175,0.000,0.000,0.000,1000.00,0,0.000,NULL,'00:00:00',1000.00,1),
(176,'ZJ176',176,0.000,0.000,0.000,1000.00,0,0.000,NULL,'00:00:00',1000.00,1),
(177,'ZJ177',177,0.000,0.000,0.000,1000.00,0,0.000,NULL,'00:00:00',1000.00,1),
(178,'ZJ178',178,0.000,0.000,0.000,1000.00,0,0.000,NULL,'00:00:00',1000.00,1),
(179,'ZJ179',179,0.000,0.000,0.000,1000.00,0,0.000,NULL,'00:00:00',1000.00,1),
(180,'ZJ180',180,0.000,0.000,0.000,1000.00,0,0.000,NULL,'00:00:00',1000.00,1),
(181,'ZJ181',181,0.000,0.000,0.000,1000.00,0,0.000,NULL,'00:00:00',1000.00,1),
(182,'ZJ182',182,0.000,0.000,0.000,1000.00,0,0.000,NULL,'00:00:00',1000.00,1),
(183,'ZJ183',183,0.000,0.000,0.000,1000.00,0,0.000,NULL,'00:00:00',1000.00,1),
(184,'ZJ184',184,0.000,0.000,0.000,1000.00,0,0.000,NULL,'00:00:00',1000.00,1),
(185,'ZJ185',185,0.000,0.000,0.000,1000.00,0,0.000,NULL,'00:00:00',1000.00,1),
(186,'ZJ186',186,0.000,0.000,0.000,1000.00,0,0.000,NULL,'00:00:00',1000.00,1),
(187,'ZJ187',187,0.000,0.000,0.000,1000.00,0,0.000,NULL,'00:00:00',1000.00,1),
(188,'ZJ188',188,0.000,0.000,0.000,1000.00,0,0.000,NULL,'00:00:00',1000.00,1),
(189,'ZJ189',189,0.000,0.000,0.000,1000.00,0,0.000,NULL,'00:00:00',1000.00,1),
(190,'ZJ190',190,0.000,0.000,0.000,1000.00,0,0.000,NULL,'00:00:00',1000.00,1),
(191,'ZJ191',191,0.000,0.000,0.000,1000.00,0,0.000,NULL,'00:00:00',1000.00,1),
(192,'ZJ192',192,0.000,0.000,0.000,1000.00,0,0.000,NULL,'00:00:00',1000.00,1),
(193,'ZJ193',193,0.000,0.000,0.000,1000.00,0,0.000,NULL,'00:00:00',1000.00,1),
(194,'ZJ194',194,0.000,0.000,0.000,1000.00,0,0.000,NULL,'00:00:00',1000.00,1),
(195,'ZJ195',195,0.000,0.000,0.000,1000.00,0,0.000,NULL,'00:00:00',1000.00,1),
(196,'ZJ196',196,0.000,0.000,0.000,1000.00,0,0.000,NULL,'00:00:00',1000.00,1),
(197,'ZJ197',197,0.000,0.000,0.000,1000.00,0,0.000,NULL,'00:00:00',1000.00,1),
(198,'ZJ198',198,0.000,0.000,0.000,1000.00,0,0.000,NULL,'00:00:00',1000.00,1),
(199,'ZJ199',199,0.000,0.000,0.000,1000.00,0,0.000,NULL,'00:00:00',1000.00,1),
(200,'ZJ200',200,0.000,0.000,0.000,1000.00,0,0.000,NULL,'00:00:00',1000.00,1),
(201,'ZJ201',201,0.000,0.000,0.000,1000.00,0,0.000,NULL,'00:00:00',1000.00,1),
(202,'ZJ202',202,0.000,0.000,0.000,1000.00,0,0.000,NULL,'00:00:00',1000.00,1),
(203,'ZJ203',203,0.000,0.000,0.000,1000.00,0,0.000,NULL,'00:00:00',1000.00,1),
(204,'ZJ204',204,0.000,0.000,0.000,1000.00,0,0.000,NULL,'00:00:00',1000.00,1),
(205,'ZJ205',205,0.000,0.000,0.000,1000.00,0,0.000,NULL,'00:00:00',1000.00,1),
(206,'ZJ206',206,0.000,0.000,0.000,1000.00,0,0.000,NULL,'00:00:00',1000.00,1),
(207,'ZJ207',207,0.000,0.000,0.000,1000.00,0,0.000,NULL,'00:00:00',1000.00,1),
(208,'ZJ208',208,0.000,0.000,0.000,1000.00,0,0.000,NULL,'00:00:00',1000.00,1),
(209,'ZJ209',209,0.000,0.000,0.000,1000.00,0,0.000,NULL,'00:00:00',1000.00,1),
(210,'ZJ210',210,0.000,0.000,0.000,1000.00,0,0.000,NULL,'00:00:00',1000.00,1),
(211,'ZJ211',211,0.000,0.000,0.000,1000.00,0,0.000,NULL,'00:00:00',1000.00,1),
(212,'ZJ212',212,0.000,0.000,0.000,1000.00,0,0.000,NULL,'00:00:00',1000.00,1),
(213,'ZJ213',213,0.000,0.000,0.000,1000.00,0,0.000,NULL,'00:00:00',1000.00,1),
(214,'ZJ214',214,0.000,0.000,0.000,1000.00,0,0.000,NULL,'00:00:00',1000.00,1),
(215,'ZJ215',215,0.000,0.000,0.000,1000.00,0,0.000,NULL,'00:00:00',1000.00,1),
(216,'ZJ216',216,0.000,0.000,0.000,1000.00,0,0.000,NULL,'00:00:00',1000.00,1),
(217,'ZJ217',217,0.000,0.000,0.000,1000.00,0,0.000,NULL,'00:00:00',1000.00,1),
(218,'ZJ218',218,0.000,0.000,0.000,1000.00,0,0.000,NULL,'00:00:00',1000.00,1),
(219,'ZJ219',219,0.000,0.000,0.000,1000.00,0,0.000,NULL,'00:00:00',1000.00,1),
(220,'ZJ220',220,0.000,0.000,0.000,1000.00,0,0.000,NULL,'00:00:00',1000.00,1),
(221,'ZJ221',221,0.000,0.000,0.000,1000.00,0,0.000,NULL,'00:00:00',1000.00,1),
(222,'ZJ222',222,0.000,0.000,0.000,1000.00,0,0.000,NULL,'00:00:00',1000.00,1),
(223,'ZJ223',223,0.000,0.000,0.000,1000.00,0,0.000,NULL,'00:00:00',1000.00,1),
(224,'ZJ224',224,0.000,0.000,0.000,1000.00,0,0.000,NULL,'00:00:00',1000.00,1),
(225,'ZJ225',225,0.000,0.000,0.000,1000.00,0,0.000,NULL,'00:00:00',1000.00,1),
(226,'ZJ226',226,0.000,0.000,0.000,1000.00,0,0.000,NULL,'00:00:00',1000.00,1),
(227,'ZJ227',227,0.000,0.000,0.000,1000.00,0,0.000,NULL,'00:00:00',1000.00,1),
(228,'ZJ228',228,0.000,0.000,0.000,1000.00,0,0.000,NULL,'00:00:00',1000.00,1),
(229,'ZJ229',229,0.000,0.000,0.000,1000.00,0,0.000,NULL,'00:00:00',1000.00,1),
(230,'ZJ230',230,0.000,0.000,0.000,1000.00,0,0.000,NULL,'00:00:00',1000.00,1),
(231,'ZJ231',231,0.000,0.000,0.000,1000.00,0,0.000,NULL,'00:00:00',1000.00,1),
(232,'ZJ232',232,0.000,0.000,0.000,1000.00,0,0.000,NULL,'00:00:00',1000.00,1),
(233,'ZJ233',233,0.000,0.000,0.000,1000.00,0,0.000,NULL,'00:00:00',1000.00,1),
(234,'ZJ234',234,0.000,0.000,0.000,1000.00,0,0.000,NULL,'00:00:00',1000.00,1),
(235,'ZJ235',235,0.000,0.000,0.000,1000.00,0,0.000,NULL,'00:00:00',1000.00,1),
(236,'ZJ236',236,0.000,0.000,0.000,1000.00,0,0.000,NULL,'00:00:00',1000.00,1),
(237,'ZJ237',237,0.000,0.000,0.000,1000.00,0,0.000,NULL,'00:00:00',1000.00,1),
(238,'ZJ238',238,0.000,0.000,0.000,1000.00,0,0.000,NULL,'00:00:00',1000.00,1),
(239,'ZJ239',239,0.000,0.000,0.000,1000.00,0,0.000,NULL,'00:00:00',1000.00,1),
(240,'ZJ240',240,0.000,0.000,0.000,1000.00,0,0.000,NULL,'00:00:00',1000.00,1),
(241,'ZJ241',241,0.000,0.000,0.000,1000.00,0,0.000,NULL,'00:00:00',1000.00,1),
(242,'ZJ242',242,0.000,0.000,0.000,1000.00,0,0.000,NULL,'00:00:00',1000.00,1),
(243,'ZJ243',243,0.000,0.000,0.000,1000.00,0,0.000,NULL,'00:00:00',1000.00,1),
(244,'ZJ244',244,0.000,0.000,0.000,1000.00,0,0.000,NULL,'00:00:00',1000.00,1),
(245,'ZJ245',245,0.000,0.000,0.000,1000.00,0,0.000,NULL,'00:00:00',1000.00,1),
(246,'ZJ246',246,0.000,0.000,0.000,1000.00,0,0.000,NULL,'00:00:00',1000.00,1),
(247,'ZJ247',247,0.000,0.000,0.000,1000.00,0,0.000,NULL,'00:00:00',1000.00,1),
(248,'ZJ248',248,0.000,0.000,0.000,1000.00,0,0.000,NULL,'00:00:00',1000.00,1),
(249,'ZJ249',249,0.000,0.000,0.000,1000.00,0,0.000,NULL,'00:00:00',1000.00,1),
(250,'ZJ250',250,0.000,0.000,0.000,1000.00,0,0.000,NULL,'00:00:00',1000.00,1),
(251,'ZJ251',251,0.000,0.000,0.000,1000.00,0,0.000,NULL,'00:00:00',1000.00,1),
(252,'ZJ252',252,0.000,0.000,0.000,1000.00,0,0.000,NULL,'00:00:00',1000.00,1),
(253,'ZJ253',253,0.000,0.000,0.000,1000.00,0,0.000,NULL,'00:00:00',1000.00,1),
(254,'ZJ254',254,0.000,0.000,0.000,1000.00,0,0.000,NULL,'00:00:00',1000.00,1),
(255,'ZJ255',255,0.000,0.000,0.000,1000.00,0,0.000,NULL,'00:00:00',1000.00,1),
(256,'ZJ256',256,0.000,0.000,0.000,1000.00,0,0.000,NULL,'00:00:00',1000.00,1),
(257,'ZJ257',257,0.000,0.000,0.000,1000.00,0,0.000,NULL,'00:00:00',1000.00,1),
(258,'ZJ258',258,0.000,0.000,0.000,1000.00,0,0.000,NULL,'00:00:00',1000.00,1),
(259,'ZJ259',259,0.000,0.000,0.000,1000.00,0,0.000,NULL,'00:00:00',1000.00,1),
(260,'ZJ260',260,0.000,0.000,0.000,1000.00,0,0.000,NULL,'00:00:00',1000.00,1),
(261,'ZJ261',261,0.000,0.000,0.000,1000.00,0,0.000,NULL,'00:00:00',1000.00,1),
(262,'ZJ262',262,0.000,0.000,0.000,1000.00,0,0.000,NULL,'00:00:00',1000.00,1),
(263,'ZJ263',263,0.000,0.000,0.000,1000.00,0,0.000,NULL,'00:00:00',1000.00,1),
(264,'ZJ264',264,0.000,0.000,0.000,1000.00,0,0.000,NULL,'00:00:00',1000.00,1),
(265,'ZJ265',265,0.000,0.000,0.000,1000.00,0,0.000,NULL,'00:00:00',1000.00,1),
(266,'ZJ266',266,0.000,0.000,0.000,1000.00,0,0.000,NULL,'00:00:00',1000.00,1),
(267,'ZJ267',267,0.000,0.000,0.000,1000.00,0,0.000,NULL,'00:00:00',1000.00,1),
(268,'ZJ268',268,0.000,0.000,0.000,1000.00,0,0.000,NULL,'00:00:00',1000.00,1),
(269,'ZJ269',269,0.000,0.000,0.000,1000.00,0,0.000,NULL,'00:00:00',1000.00,1),
(270,'ZJ270',270,0.000,0.000,0.000,1000.00,0,0.000,NULL,'00:00:00',1000.00,1),
(271,'ZJ271',270,0.000,0.000,0.000,1000.00,0,0.000,NULL,'00:00:00',1000.00,1),
(296,'Z101',296,150.000,400.000,0.000,0.00,0,0.000,'2026-02-17','10:19:14',0.00,1),
(297,'Z102',297,12.000,20.000,0.000,83.00,0,0.000,'2026-02-18','12:16:05',100.00,1),
(298,'Z123',298,5.000,7.000,0.000,9.00,0,0.000,'2026-02-18','12:27:13',10.00,1),
(299,'Z1111',299,12.000,15.000,0.000,99.00,0,0.000,'2026-02-19','12:12:28',100.00,1),
(300,'Zq1',300,1.000,2.000,0.000,0.00,0,0.000,'2026-02-21','13:45:09',0.00,1),
(301,'ZJ272',301,10.000,20.000,0.000,10.00,0,0.000,'2026-02-26','15:39:53',10.00,1),
(302,'ZJ31',302,23.000,32.000,0.000,0.00,0,0.000,'2026-02-26','16:31:29',0.00,1),
(303,'Z103',303,10.000,20.000,0.000,9.00,0,0.000,'2026-02-27','16:31:24',10.00,1),
(304,'Z234',304,250.000,350.000,0.000,-11.00,0,0.000,'2026-03-03','09:50:54',0.00,1),
(305,'Z21',305,26.000,26.000,0.000,9.00,0,0.000,'2026-03-03','10:31:23',0.00,1),
(306,'Z101',306,150.000,250.000,0.000,109.00,0,0.000,'2026-03-05','17:37:17',10.00,1),
(307,'ZR101',307,250.000,450.000,0.000,0.00,0,0.000,'2026-03-11','10:47:29',0.00,1),
(308,'ZM101',308,250.000,350.000,0.000,6.00,0,0.000,'2026-03-14','15:46:27',12.00,1);

/*Table structure for table `prod_batch_updated` */

DROP TABLE IF EXISTS `prod_batch_updated`;

CREATE TABLE `prod_batch_updated` (
  `id` int unsigned NOT NULL AUTO_INCREMENT,
  `name` varchar(255) NOT NULL,
  `product_id` int NOT NULL,
  `cost` double(10,3) NOT NULL DEFAULT '0.000',
  `mrp` double(10,3) NOT NULL DEFAULT '0.000',
  `stock` decimal(10,2) NOT NULL,
  `disc_type` int DEFAULT '0' COMMENT '1=rs 2=%',
  `discount` double(10,3) DEFAULT '0.000',
  `date` date DEFAULT NULL,
  `time` time DEFAULT '00:00:00',
  `added_stock` decimal(10,2) NOT NULL,
  `uid` int NOT NULL DEFAULT '0',
  `updatedDate` date DEFAULT NULL,
  `updatedTime` time DEFAULT '00:00:00',
  `updatedUid` int NOT NULL,
  PRIMARY KEY (`id`),
  KEY `prod` (`product_id`),
  KEY `disc` (`disc_type`),
  KEY `uid` (`uid`)
) ENGINE=InnoDB AUTO_INCREMENT=8 DEFAULT CHARSET=latin1;

/*Data for the table `prod_batch_updated` */

insert  into `prod_batch_updated`(`id`,`name`,`product_id`,`cost`,`mrp`,`stock`,`disc_type`,`discount`,`date`,`time`,`added_stock`,`uid`,`updatedDate`,`updatedTime`,`updatedUid`) values 
(3,'ZJ01',1,26.000,35.000,998.00,0,0.000,NULL,'00:00:00',1000.00,0,'2026-02-13','22:57:27',1),
(4,'Z101',297,12.000,20.000,100.00,0,0.000,NULL,'00:00:00',100.00,0,'2026-02-18','12:16:47',1),
(5,'Z123',298,5.000,6.000,9.00,0,0.000,NULL,'00:00:00',10.00,0,'2026-02-18','12:27:41',1),
(6,'Z1111',299,12.000,13.000,100.00,0,0.000,NULL,'00:00:00',100.00,0,'2026-02-19','12:12:38',1),
(7,'ZJ01',1,26.000,35.000,995.00,0,0.000,NULL,'00:00:00',1000.00,0,'2026-03-22','12:16:36',1);

/*Table structure for table `prod_batch_zero_stock_bill` */

DROP TABLE IF EXISTS `prod_batch_zero_stock_bill`;

CREATE TABLE `prod_batch_zero_stock_bill` (
  `id` int unsigned NOT NULL AUTO_INCREMENT,
  `batch_id` varchar(255) NOT NULL,
  `product_id` int NOT NULL,
  `qty` decimal(10,2) NOT NULL,
  `date` date DEFAULT NULL,
  `time` time DEFAULT '00:00:00',
  `uid` int NOT NULL,
  PRIMARY KEY (`id`),
  KEY `batch` (`batch_id`),
  KEY `prod` (`product_id`),
  KEY `uid` (`uid`)
) ENGINE=InnoDB AUTO_INCREMENT=11 DEFAULT CHARSET=latin1;

/*Data for the table `prod_batch_zero_stock_bill` */

insert  into `prod_batch_zero_stock_bill`(`id`,`batch_id`,`product_id`,`qty`,`date`,`time`,`uid`) values 
(1,'5',5,1.00,'2026-02-13','17:46:21',1),
(2,'10',10,1.00,'2026-02-13','17:49:30',1),
(3,'9',9,1.00,'2026-02-13','18:18:47',1),
(4,'9',9,1.00,'2026-02-13','18:25:55',1),
(5,'0',303,2.00,'2026-02-27','16:35:24',1),
(6,'305',305,1.00,'2026-03-03','10:31:30',1),
(7,'0',305,1.00,'2026-03-03','10:31:59',1),
(8,'0',305,1.00,'2026-03-03','10:32:32',1),
(9,'0',307,1.00,'2026-03-11','10:51:52',1),
(10,'296',296,1.00,'2026-03-15','21:45:13',1);

/*Table structure for table `prod_bill` */

DROP TABLE IF EXISTS `prod_bill`;

CREATE TABLE `prod_bill` (
  `id` int unsigned NOT NULL AUTO_INCREMENT,
  `bill_display` varchar(255) NOT NULL,
  `is_tax_bill` tinyint(1) DEFAULT '1',
  `is_receipt` int DEFAULT '1',
  `total` double(10,3) DEFAULT '0.000',
  `prodDisc` double(10,3) DEFAULT '0.000',
  `extraDisc` double(10,3) DEFAULT '0.000',
  `payable` double(10,3) DEFAULT '0.000',
  `paid` double(10,3) DEFAULT '0.000',
  `balance` double(10,3) DEFAULT '0.000',
  `currentBalance` double(10,3) DEFAULT '0.000',
  `is_balance` int DEFAULT '0',
  `paymentMode` int NOT NULL COMMENT 'prod_bill_payment_mode',
  `paymentType` int DEFAULT '0' COMMENT 'prod_bill_payment_type',
  `uid` int NOT NULL,
  `date` date NOT NULL,
  `time` time NOT NULL DEFAULT '00:00:00',
  `is_cancelled` int DEFAULT '0',
  `bill_type` int DEFAULT '1' COMMENT '1=prod bill',
  `cusName` varchar(255) DEFAULT '""',
  `cusPhn` varchar(255) DEFAULT '-',
  `customerId` int DEFAULT NULL,
  `price_category` int NOT NULL,
  `lr_no` varchar(255) DEFAULT NULL,
  `lr_date` date DEFAULT NULL,
  `lr_name` varchar(255) DEFAULT NULL,
  `attender_id` int DEFAULT NULL,
  PRIMARY KEY (`id`),
  KEY `uid` (`uid`),
  KEY `mode` (`paymentMode`),
  KEY `type` (`paymentType`),
  KEY `idx_is_tax_bill` (`is_tax_bill`)
) ENGINE=InnoDB AUTO_INCREMENT=58 DEFAULT CHARSET=latin1;

/*Data for the table `prod_bill` */

insert  into `prod_bill`(`id`,`bill_display`,`is_tax_bill`,`is_receipt`,`total`,`prodDisc`,`extraDisc`,`payable`,`paid`,`balance`,`currentBalance`,`is_balance`,`paymentMode`,`paymentType`,`uid`,`date`,`time`,`is_cancelled`,`bill_type`,`cusName`,`cusPhn`,`customerId`,`price_category`,`lr_no`,`lr_date`,`lr_name`,`attender_id`) values 
(1,'26-1',1,1,35.000,0.000,0.000,35.000,35.000,0.000,0.000,0,1,0,1,'2026-02-13','17:38:11',0,1,'-','-',NULL,3,NULL,NULL,NULL,NULL),
(2,'26-2',1,1,90.000,0.000,0.000,90.000,90.000,0.000,0.000,0,1,0,1,'2026-02-13','17:46:21',0,1,'-','-',NULL,3,NULL,NULL,NULL,NULL),
(3,'26-3',1,1,120.000,0.000,0.000,120.000,120.000,0.000,0.000,0,1,0,1,'2026-02-13','17:49:30',0,1,'-','-',NULL,3,NULL,NULL,NULL,NULL),
(4,'26-4',1,1,100.000,0.000,0.000,100.000,100.000,0.000,0.000,0,1,0,1,'2026-02-13','18:18:47',0,1,'-','-',NULL,3,NULL,NULL,NULL,NULL),
(5,'26-5',1,1,100.000,0.000,0.000,100.000,100.000,0.000,0.000,0,1,0,1,'2026-02-13','18:25:55',0,1,'-','-',NULL,3,NULL,NULL,NULL,NULL),
(6,'26-6',1,1,35.000,0.000,0.000,35.000,35.000,0.000,0.000,0,1,0,1,'2026-02-13','22:43:42',0,1,'-','-',NULL,3,NULL,NULL,NULL,NULL),
(7,'26-7',1,1,35.000,0.000,0.000,35.000,35.000,0.000,0.000,0,1,0,1,'2026-02-13','22:58:19',0,1,'-','-',NULL,3,NULL,NULL,NULL,NULL),
(8,'26-8',1,1,93.000,0.000,0.000,93.000,93.000,0.000,0.000,0,1,0,1,'2026-02-13','23:05:59',0,1,'-','-',NULL,3,NULL,NULL,NULL,NULL),
(9,'26-9',1,1,35.000,0.000,0.000,35.000,35.000,0.000,0.000,0,1,0,1,'2026-02-13','23:08:41',0,1,'-','-',NULL,3,NULL,NULL,NULL,NULL),
(10,'26-10',1,1,30.000,0.000,0.000,30.000,30.000,0.000,0.000,0,1,0,1,'2026-02-15','23:33:56',0,1,'-','-',NULL,3,NULL,NULL,NULL,NULL),
(11,'26-11',1,1,35.000,0.000,0.000,35.000,35.000,0.000,0.000,0,1,0,1,'2026-02-16','18:14:18',0,1,'-','-',NULL,3,NULL,NULL,NULL,NULL),
(12,'26-12',1,1,400.000,0.000,0.000,400.000,400.000,0.000,0.000,0,1,0,1,'2026-02-17','10:19:46',0,1,'-','-',NULL,3,NULL,NULL,NULL,NULL),
(13,'26-13',1,1,115.000,0.000,0.000,115.000,115.000,0.000,0.000,0,1,0,1,'2026-02-17','16:03:25',0,1,'-','-',NULL,3,NULL,NULL,NULL,NULL),
(14,'26-14',1,1,35.000,0.000,0.000,35.000,35.000,0.000,0.000,0,1,0,1,'2026-02-17','16:12:04',0,1,'-','-',NULL,3,NULL,NULL,NULL,NULL),
(15,'26-15',1,1,35.000,0.000,0.000,35.000,35.000,0.000,0.000,0,1,0,1,'2026-02-17','16:15:29',0,1,'-','-',NULL,3,NULL,NULL,NULL,NULL),
(16,'26-16',1,1,20.000,0.000,0.000,20.000,20.000,0.000,0.000,0,1,0,1,'2026-02-18','12:17:02',0,1,'-','-',NULL,3,NULL,NULL,NULL,NULL),
(17,'26-17',1,1,20.000,0.000,0.000,20.000,20.000,0.000,0.000,0,2,1,1,'2026-02-18','12:21:00',0,1,'-','-',NULL,3,NULL,NULL,NULL,NULL),
(18,'26-18',1,1,60.000,0.000,0.000,60.000,20.000,40.000,40.000,1,1,0,1,'2026-02-18','12:24:30',0,1,'jaswa','9898989898',1,3,NULL,NULL,NULL,NULL),
(19,'26-19',1,1,6.000,0.000,0.000,6.000,6.000,0.000,0.000,0,1,0,1,'2026-02-18','12:27:22',0,1,'-','-',NULL,3,NULL,NULL,NULL,NULL),
(20,'26-20',1,1,400.000,0.000,0.000,400.000,400.000,0.000,0.000,0,1,0,1,'2026-02-18','18:29:44',0,1,'-','-',NULL,3,NULL,NULL,NULL,NULL),
(21,'26-21',1,1,15.000,0.000,0.000,15.000,15.000,0.000,0.000,0,1,0,1,'2026-02-19','12:19:57',0,1,'-','-',NULL,3,NULL,NULL,NULL,NULL),
(22,'26-22',1,1,15.000,0.000,0.000,15.000,5.000,10.000,5.000,1,1,0,1,'2026-02-19','12:20:21',0,1,'aaaasaa','2332333333',2,3,NULL,NULL,NULL,NULL),
(23,'26-23',1,1,15.000,0.000,0.000,15.000,15.000,0.000,0.000,0,1,0,1,'2026-02-19','12:28:23',0,1,'asssdvsd sdfsdgdsgdgdsg ddgdgdg','-',3,3,NULL,NULL,NULL,NULL),
(24,'26-24',1,1,35.000,0.000,0.000,35.000,35.000,0.000,0.000,0,1,0,1,'2026-02-19','15:35:03',0,1,'-','-',NULL,3,NULL,NULL,NULL,NULL),
(25,'26-25',1,1,35.000,0.000,0.000,35.000,35.000,0.000,0.000,0,1,1,1,'2026-02-21','14:19:02',0,1,'-','-',NULL,3,NULL,NULL,NULL,NULL),
(26,'26-26',1,1,400.000,0.000,0.000,400.000,400.000,0.000,0.000,0,1,0,1,'2026-02-27','14:53:19',0,1,'-','-',NULL,3,NULL,NULL,NULL,NULL),
(27,'26-27',1,1,940.000,0.000,0.000,940.000,940.000,0.000,0.000,0,1,1,1,'2026-02-27','16:06:47',0,1,'-','-',NULL,3,NULL,NULL,NULL,NULL),
(28,'26-28',1,1,420.000,0.000,0.000,420.000,420.000,0.000,0.000,0,1,1,1,'2026-02-27','16:08:22',0,1,'-','-',NULL,3,NULL,NULL,NULL,NULL),
(29,'26-29',1,1,400.000,0.000,0.000,400.000,400.000,0.000,0.000,0,1,0,1,'2026-02-27','16:15:15',0,1,'-','-',NULL,3,NULL,NULL,NULL,NULL),
(30,'26-30',1,1,400.000,0.000,0.000,400.000,400.000,0.000,0.000,0,1,1,1,'2026-02-27','16:17:25',0,1,'-','-',NULL,3,NULL,NULL,NULL,NULL),
(31,'26-31',1,1,400.000,0.000,0.000,400.000,400.000,0.000,0.000,0,1,0,1,'2026-02-27','16:20:29',0,1,'-','-',NULL,3,NULL,NULL,NULL,NULL),
(32,'26-32',1,1,400.000,0.000,0.000,400.000,400.000,0.000,0.000,0,1,1,1,'2026-02-27','16:20:43',0,1,'-','-',NULL,3,NULL,NULL,NULL,NULL),
(33,'26-33',1,1,40.000,4.000,6.000,30.000,30.000,0.000,0.000,0,1,1,1,'2026-02-27','16:35:24',0,1,'Walk-in Customer','-',4,3,NULL,NULL,NULL,NULL),
(34,'26-34',1,1,12.000,1.000,1.000,10.000,10.000,0.000,0.000,0,1,0,1,'2026-02-27','16:42:13',0,1,'jaswa','9898989898',1,3,NULL,NULL,NULL,NULL),
(35,'26-35',1,1,20.000,0.000,0.000,20.000,20.000,0.000,0.000,0,1,0,1,'2026-02-27','16:46:09',0,1,'-','-',NULL,3,NULL,NULL,NULL,NULL),
(36,'26-36',1,1,700.000,0.000,0.000,700.000,400.000,300.000,300.000,1,2,1,1,'2026-03-03','09:52:39',0,1,'jejh','9898989898',5,3,NULL,NULL,NULL,NULL),
(37,'26-37',1,1,3500.000,0.000,0.000,3500.000,0.000,3500.000,1000.000,1,1,0,1,'2026-03-03','09:58:15',0,1,'ghgg','87878787887',6,3,NULL,NULL,NULL,NULL),
(38,'26-38',1,1,350.000,0.000,0.000,350.000,350.000,0.000,0.000,0,1,0,1,'2026-03-03','10:22:47',0,1,'Walk-in Customer','-',4,3,NULL,NULL,NULL,NULL),
(39,'26-39',1,1,26.000,0.000,0.000,26.000,26.000,0.000,0.000,0,1,0,1,'2026-03-03','10:31:30',0,1,'-','-',NULL,3,NULL,NULL,NULL,NULL),
(40,'26-40',1,1,26.000,0.000,0.000,26.000,26.000,0.000,0.000,0,1,0,1,'2026-03-03','10:31:59',0,1,'Walk-in Customer','-',4,3,NULL,NULL,NULL,NULL),
(41,'26-41',1,1,26.000,0.000,0.000,26.000,26.000,0.000,0.000,0,1,0,1,'2026-03-03','10:32:32',0,1,'-','-',NULL,3,NULL,NULL,NULL,NULL),
(42,'26-42',1,1,26.000,0.000,0.000,26.000,26.000,0.000,0.000,0,1,0,1,'2026-03-03','10:33:41',0,1,'-','-',NULL,3,NULL,NULL,NULL,NULL),
(43,'26-43',1,1,400.000,0.000,0.000,400.000,100.000,300.000,300.000,1,1,0,1,'2026-03-03','16:42:22',0,1,'ssss','9898989898',7,3,NULL,NULL,NULL,NULL),
(44,'26-44',1,1,250.000,0.000,50.000,200.000,200.000,0.000,0.000,0,3,1,1,'2026-03-05','17:38:57',0,1,'-','-',NULL,3,NULL,NULL,NULL,NULL),
(45,'26-45',1,1,400.000,0.000,0.000,400.000,400.000,0.000,0.000,0,1,0,1,'2026-03-05','17:46:50',0,1,'-','-',NULL,3,NULL,NULL,NULL,NULL),
(46,'26-46',1,1,80.000,0.000,10.000,70.000,70.000,0.000,0.000,0,3,1,1,'2026-03-05','17:51:35',0,1,'-','-',NULL,3,NULL,NULL,NULL,NULL),
(47,'26-47',1,1,400.000,0.000,0.000,400.000,0.000,400.000,400.000,1,1,0,1,'2026-03-05','17:54:21',0,1,'jasw','95957451419',8,3,NULL,NULL,NULL,NULL),
(48,'26-48',1,1,570.000,0.000,0.000,570.000,570.000,0.000,0.000,0,2,1,1,'2026-03-11','10:51:52',0,1,'-','-',NULL,3,NULL,NULL,NULL,NULL),
(49,'26-49',1,1,400.000,0.000,0.000,400.000,400.000,0.000,0.000,0,1,0,1,'2026-03-11','17:15:46',0,1,'-','-',NULL,3,NULL,NULL,NULL,NULL),
(50,'26-50',1,1,350.000,0.000,0.000,350.000,350.000,0.000,0.000,0,1,0,1,'2026-03-14','15:46:53',0,1,'jasw','95957451419',8,3,NULL,NULL,NULL,2),
(51,'1',0,1,350.000,0.000,0.000,350.000,350.000,0.000,0.000,0,1,0,1,'2026-03-14','15:47:42',0,1,'-','-',NULL,3,NULL,NULL,NULL,NULL),
(52,'26-51',1,1,350.000,0.000,0.000,350.000,350.000,0.000,0.000,0,1,0,1,'2026-03-14','15:48:20',0,1,'-','-',NULL,3,NULL,NULL,NULL,NULL),
(53,'26-52',1,1,350.000,0.000,0.000,350.000,350.000,0.000,0.000,0,1,0,1,'2026-03-14','15:51:17',0,1,'-','-',NULL,3,NULL,NULL,NULL,NULL),
(54,'2',0,1,350.000,0.000,0.000,350.000,350.000,0.000,0.000,0,1,0,1,'2026-03-14','15:51:24',0,1,'-','-',NULL,3,NULL,NULL,NULL,NULL),
(55,'26-53',1,1,350.000,0.000,0.000,350.000,350.000,0.000,0.000,0,1,0,1,'2026-03-14','15:53:17',0,1,'-','-',NULL,3,NULL,NULL,NULL,NULL),
(56,'3',0,1,400.000,0.000,0.000,400.000,400.000,0.000,0.000,0,1,0,1,'2026-03-14','15:53:25',0,1,'-','-',NULL,3,NULL,NULL,NULL,NULL),
(57,'26-54',1,1,400.000,0.000,0.000,400.000,400.000,0.000,0.000,0,1,0,1,'2026-03-15','21:45:13',0,1,'-','-',NULL,3,NULL,NULL,NULL,NULL);

/*Table structure for table `prod_bill_cancel` */

DROP TABLE IF EXISTS `prod_bill_cancel`;

CREATE TABLE `prod_bill_cancel` (
  `id` int unsigned NOT NULL AUTO_INCREMENT,
  `bill_id` int NOT NULL,
  `reason` text,
  `date` date DEFAULT NULL,
  `time` time DEFAULT NULL,
  `uid` int DEFAULT NULL,
  PRIMARY KEY (`id`),
  KEY `billId` (`bill_id`)
) ENGINE=InnoDB DEFAULT CHARSET=latin1;

/*Data for the table `prod_bill_cancel` */

/*Table structure for table `prod_bill_datechange` */

DROP TABLE IF EXISTS `prod_bill_datechange`;

CREATE TABLE `prod_bill_datechange` (
  `id` int unsigned NOT NULL AUTO_INCREMENT,
  `billId` int NOT NULL,
  `oldDate` date DEFAULT NULL,
  `changeDate` date DEFAULT NULL,
  `date` date DEFAULT NULL,
  `time` time DEFAULT NULL,
  `uid` int NOT NULL,
  PRIMARY KEY (`id`),
  KEY `billId` (`billId`)
) ENGINE=InnoDB DEFAULT CHARSET=latin1;

/*Data for the table `prod_bill_datechange` */

/*Table structure for table `prod_bill_details` */

DROP TABLE IF EXISTS `prod_bill_details`;

CREATE TABLE `prod_bill_details` (
  `id` int unsigned NOT NULL AUTO_INCREMENT,
  `bill_id` int NOT NULL,
  `prod_id` int NOT NULL,
  `qty` decimal(10,2) NOT NULL,
  `price` double(10,3) DEFAULT '0.000',
  `disc` double(10,3) DEFAULT '0.000',
  `total` double(10,3) DEFAULT '0.000',
  `cost` double(10,3) DEFAULT '0.000',
  `commission` double(10,3) DEFAULT '0.000',
  `gst` int NOT NULL DEFAULT '0',
  `is_cancelled` int DEFAULT '0',
  `cancel_date` datetime DEFAULT NULL,
  PRIMARY KEY (`id`),
  KEY `bill` (`bill_id`),
  KEY `prod` (`prod_id`)
) ENGINE=InnoDB AUTO_INCREMENT=66 DEFAULT CHARSET=latin1;

/*Data for the table `prod_bill_details` */

insert  into `prod_bill_details`(`id`,`bill_id`,`prod_id`,`qty`,`price`,`disc`,`total`,`cost`,`commission`,`gst`,`is_cancelled`,`cancel_date`) values 
(1,1,1,1.00,35.000,0.000,35.000,26.000,0.000,0,0,NULL),
(2,2,5,1.00,90.000,0.000,90.000,70.000,0.000,0,0,NULL),
(3,3,10,1.00,120.000,0.000,120.000,80.000,0.000,0,0,NULL),
(4,4,9,1.00,100.000,0.000,100.000,70.000,0.000,0,0,NULL),
(5,5,9,1.00,100.000,0.000,100.000,70.000,0.000,0,0,NULL),
(6,6,1,1.00,35.000,0.000,35.000,26.000,0.000,0,0,NULL),
(7,7,1,1.00,35.000,0.000,35.000,26.000,0.000,5,0,NULL),
(8,8,1,1.00,35.000,0.000,35.000,26.000,0.000,5,0,NULL),
(9,8,2,1.00,30.000,0.000,30.000,21.000,0.000,0,0,NULL),
(10,8,3,1.00,18.000,0.000,18.000,13.000,0.000,0,0,NULL),
(11,8,4,1.00,10.000,0.000,10.000,7.000,0.000,0,0,NULL),
(12,9,1,1.00,35.000,0.000,35.000,26.000,0.000,5,0,NULL),
(13,10,2,1.00,30.000,0.000,30.000,21.000,0.000,0,0,NULL),
(14,11,1,1.00,35.000,0.000,35.000,26.000,0.000,5,0,NULL),
(15,12,296,1.00,400.000,0.000,400.000,150.000,0.000,0,0,NULL),
(16,13,2,1.00,30.000,0.000,30.000,21.000,0.000,0,0,NULL),
(17,13,6,1.00,75.000,0.000,75.000,54.000,0.000,0,0,NULL),
(18,13,67,1.00,10.000,0.000,10.000,0.000,0.000,0,0,NULL),
(19,14,1,1.00,35.000,0.000,35.000,26.000,0.000,5,0,NULL),
(20,15,1,1.00,35.000,0.000,35.000,26.000,0.000,5,0,NULL),
(21,16,297,1.00,20.000,0.000,20.000,12.000,0.000,5,0,NULL),
(22,17,297,1.00,20.000,0.000,20.000,12.000,0.000,5,0,NULL),
(23,18,297,3.00,20.000,0.000,60.000,12.000,0.000,5,0,NULL),
(24,19,298,1.00,6.000,0.000,6.000,5.000,0.000,0,0,NULL),
(25,20,296,1.00,400.000,0.000,400.000,150.000,0.000,0,0,NULL),
(26,21,299,1.00,15.000,0.000,15.000,12.000,0.000,5,0,NULL),
(27,22,299,1.00,15.000,0.000,15.000,12.000,0.000,5,0,NULL),
(28,23,299,1.00,15.000,0.000,15.000,12.000,0.000,12,0,NULL),
(29,24,1,1.00,35.000,0.000,35.000,26.000,0.000,5,0,NULL),
(30,25,1,1.00,35.000,0.000,35.000,26.000,0.000,5,0,NULL),
(31,26,296,1.00,400.000,0.000,400.000,150.000,0.000,0,0,NULL),
(32,27,296,2.00,400.000,0.000,800.000,150.000,0.000,0,0,NULL),
(33,27,297,7.00,20.000,0.000,140.000,12.000,0.000,5,0,NULL),
(34,28,296,1.00,400.000,0.000,400.000,150.000,0.000,0,0,NULL),
(35,28,297,1.00,20.000,0.000,20.000,12.000,0.000,5,0,NULL),
(36,29,296,1.00,400.000,0.000,400.000,150.000,0.000,0,0,NULL),
(37,30,296,1.00,400.000,0.000,400.000,150.000,0.000,0,0,NULL),
(38,31,296,1.00,400.000,0.000,400.000,150.000,0.000,0,0,NULL),
(39,32,296,1.00,400.000,0.000,400.000,150.000,0.000,0,0,NULL),
(40,33,303,2.00,20.000,4.000,36.000,0.000,0.000,5,0,NULL),
(41,34,303,1.00,12.000,1.000,11.000,0.000,0.000,5,0,NULL),
(42,35,303,1.00,20.000,0.000,20.000,10.000,0.000,5,0,NULL),
(43,36,304,2.00,350.000,0.000,700.000,250.000,0.000,0,0,NULL),
(44,37,304,10.00,350.000,0.000,3500.000,250.000,0.000,0,0,NULL),
(45,38,304,1.00,350.000,0.000,350.000,0.000,0.000,0,0,NULL),
(46,39,305,1.00,26.000,0.000,26.000,26.000,0.000,0,0,NULL),
(47,40,305,1.00,26.000,0.000,26.000,0.000,0.000,0,0,NULL),
(48,41,305,1.00,26.000,0.000,26.000,0.000,0.000,0,0,NULL),
(49,42,305,1.00,26.000,0.000,26.000,26.000,0.000,0,0,NULL),
(50,43,296,1.00,400.000,0.000,400.000,150.000,0.000,0,0,NULL),
(51,44,306,1.00,250.000,0.000,250.000,150.000,0.000,5,0,NULL),
(52,45,296,1.00,400.000,0.000,400.000,150.000,0.000,0,0,NULL),
(53,46,297,4.00,20.000,0.000,80.000,12.000,0.000,5,0,NULL),
(54,47,296,1.00,400.000,0.000,400.000,150.000,0.000,0,0,NULL),
(55,48,307,1.00,450.000,0.000,450.000,0.000,0.000,0,0,NULL),
(56,48,10,1.00,120.000,0.000,120.000,80.000,0.000,0,0,NULL),
(57,49,296,1.00,400.000,0.000,400.000,150.000,0.000,0,0,NULL),
(58,50,308,1.00,350.000,0.000,350.000,250.000,0.000,12,0,NULL),
(59,51,308,1.00,350.000,0.000,350.000,250.000,0.000,0,0,NULL),
(60,52,308,1.00,350.000,0.000,350.000,250.000,0.000,12,0,NULL),
(61,53,308,1.00,350.000,0.000,350.000,250.000,0.000,12,0,NULL),
(62,54,308,1.00,350.000,0.000,350.000,250.000,0.000,0,0,NULL),
(63,55,308,1.00,350.000,0.000,350.000,250.000,0.000,12,0,NULL),
(64,56,296,1.00,400.000,0.000,400.000,150.000,0.000,0,0,NULL),
(65,57,296,1.00,400.000,0.000,400.000,150.000,0.000,0,0,NULL);

/*Table structure for table `prod_bill_due_collection` */

DROP TABLE IF EXISTS `prod_bill_due_collection`;

CREATE TABLE `prod_bill_due_collection` (
  `id` int unsigned NOT NULL AUTO_INCREMENT,
  `bill_id` int NOT NULL,
  `balance` double(10,2) DEFAULT NULL,
  `paid` double(10,2) DEFAULT NULL,
  `finalBalance` double(10,2) DEFAULT NULL,
  `mode` int DEFAULT NULL,
  `bankOption` int DEFAULT NULL,
  `uid` int NOT NULL,
  `collectDate` varchar(255) DEFAULT NULL,
  `collectTime` varchar(255) DEFAULT NULL,
  `date` date DEFAULT NULL,
  `time` time DEFAULT NULL,
  PRIMARY KEY (`id`),
  KEY `billId` (`bill_id`)
) ENGINE=InnoDB AUTO_INCREMENT=4 DEFAULT CHARSET=latin1;

/*Data for the table `prod_bill_due_collection` */

insert  into `prod_bill_due_collection`(`id`,`bill_id`,`balance`,`paid`,`finalBalance`,`mode`,`bankOption`,`uid`,`collectDate`,`collectTime`,`date`,`time`) values 
(1,22,10.00,5.00,5.00,1,0,1,'2026-02-19','12:20:33','2026-02-19','12:20:33'),
(2,37,3500.00,2000.00,1500.00,1,0,1,'2026-03-03','10:00:24','2026-03-03','10:00:24'),
(3,37,1500.00,500.00,1000.00,2,1,1,'2026-03-03','10:00:40','2026-03-03','10:00:40');

/*Table structure for table `prod_bill_payment` */

DROP TABLE IF EXISTS `prod_bill_payment`;

CREATE TABLE `prod_bill_payment` (
  `id` int unsigned NOT NULL AUTO_INCREMENT,
  `bill_id` int NOT NULL,
  `cash` double(10,2) DEFAULT '0.00',
  `bank` double(10,2) DEFAULT '0.00',
  `paymentType` int DEFAULT '0' COMMENT 'prod_bill_payment_type',
  PRIMARY KEY (`id`),
  KEY `billid` (`bill_id`),
  KEY `paymentType` (`paymentType`)
) ENGINE=InnoDB AUTO_INCREMENT=58 DEFAULT CHARSET=latin1;

/*Data for the table `prod_bill_payment` */

insert  into `prod_bill_payment`(`id`,`bill_id`,`cash`,`bank`,`paymentType`) values 
(1,1,35.00,0.00,0),
(2,2,90.00,0.00,0),
(3,3,120.00,0.00,0),
(4,4,100.00,0.00,0),
(5,5,100.00,0.00,0),
(6,6,35.00,0.00,0),
(7,7,35.00,0.00,0),
(8,8,93.00,0.00,0),
(9,9,35.00,0.00,0),
(10,10,30.00,0.00,0),
(11,11,35.00,0.00,0),
(12,12,400.00,0.00,0),
(13,13,115.00,0.00,0),
(14,14,35.00,0.00,0),
(15,15,35.00,0.00,0),
(16,16,20.00,0.00,0),
(17,17,0.00,20.00,1),
(18,18,20.00,0.00,0),
(19,19,6.00,0.00,0),
(20,20,400.00,0.00,0),
(21,21,15.00,0.00,0),
(22,22,5.00,0.00,0),
(23,23,15.00,0.00,0),
(24,24,35.00,0.00,0),
(25,25,35.00,0.00,1),
(26,26,400.00,0.00,0),
(27,27,940.00,0.00,1),
(28,28,420.00,0.00,1),
(29,29,400.00,0.00,0),
(30,30,400.00,0.00,1),
(31,31,400.00,0.00,0),
(32,32,400.00,0.00,1),
(33,33,30.00,0.00,1),
(34,34,10.00,0.00,0),
(35,35,20.00,0.00,0),
(36,36,0.00,400.00,1),
(37,37,0.00,0.00,0),
(38,38,350.00,0.00,0),
(39,39,26.00,0.00,0),
(40,40,26.00,0.00,0),
(41,41,26.00,0.00,0),
(42,42,26.00,0.00,0),
(43,43,100.00,0.00,0),
(44,44,100.00,100.00,1),
(45,45,400.00,0.00,0),
(46,46,30.00,40.00,1),
(47,47,0.00,0.00,0),
(48,48,0.00,570.00,1),
(49,49,400.00,0.00,0),
(50,50,350.00,0.00,0),
(51,51,350.00,0.00,0),
(52,52,350.00,0.00,0),
(53,53,350.00,0.00,0),
(54,54,350.00,0.00,0),
(55,55,350.00,0.00,0),
(56,56,400.00,0.00,0),
(57,57,400.00,0.00,0);

/*Table structure for table `prod_bill_payment_mode` */

DROP TABLE IF EXISTS `prod_bill_payment_mode`;

CREATE TABLE `prod_bill_payment_mode` (
  `id` int unsigned NOT NULL AUTO_INCREMENT,
  `mode` varchar(255) NOT NULL,
  `is_active` int DEFAULT '1',
  PRIMARY KEY (`id`)
) ENGINE=InnoDB AUTO_INCREMENT=4 DEFAULT CHARSET=latin1;

/*Data for the table `prod_bill_payment_mode` */

insert  into `prod_bill_payment_mode`(`id`,`mode`,`is_active`) values 
(1,'cash',1),
(2,'bank',1),
(3,'mixed',1);

/*Table structure for table `prod_bill_payment_type` */

DROP TABLE IF EXISTS `prod_bill_payment_type`;

CREATE TABLE `prod_bill_payment_type` (
  `id` int unsigned NOT NULL AUTO_INCREMENT,
  `type` varchar(255) NOT NULL,
  `is_active` int DEFAULT '1',
  PRIMARY KEY (`id`)
) ENGINE=InnoDB AUTO_INCREMENT=7 DEFAULT CHARSET=latin1;

/*Data for the table `prod_bill_payment_type` */

insert  into `prod_bill_payment_type`(`id`,`type`,`is_active`) values 
(0,'CASH',1),
(1,'UPI',1),
(2,'DEBIT CARD',1),
(3,'CREDIT CARD',1),
(4,'NET BANKING',1),
(5,'WALLET',1),
(6,'CHEQUE',1);

/*Table structure for table `prod_brands` */

DROP TABLE IF EXISTS `prod_brands`;

CREATE TABLE `prod_brands` (
  `id` int unsigned NOT NULL AUTO_INCREMENT,
  `name` varchar(255) NOT NULL,
  `date` date NOT NULL,
  `time` time NOT NULL,
  `is_active` int DEFAULT '1',
  PRIMARY KEY (`id`,`name`)
) ENGINE=InnoDB AUTO_INCREMENT=5 DEFAULT CHARSET=latin1;

/*Data for the table `prod_brands` */

insert  into `prod_brands`(`id`,`name`,`date`,`time`,`is_active`) values 
(1,'others','2026-02-08','18:38:33',1),
(2,'OTs','2026-02-19','11:58:32',1),
(3,'aa','2026-02-19','12:11:50',1),
(4,'a','2026-02-19','13:10:26',1);

/*Table structure for table `prod_category` */

DROP TABLE IF EXISTS `prod_category`;

CREATE TABLE `prod_category` (
  `id` int unsigned NOT NULL AUTO_INCREMENT,
  `name` varchar(255) DEFAULT NULL,
  `date` date NOT NULL,
  `time` time NOT NULL,
  `is_active` int DEFAULT '1',
  PRIMARY KEY (`id`)
) ENGINE=InnoDB AUTO_INCREMENT=19 DEFAULT CHARSET=latin1;

/*Data for the table `prod_category` */

insert  into `prod_category`(`id`,`name`,`date`,`time`,`is_active`) values 
(1,'Mahima','2026-02-12','23:28:27',1),
(2,'Full voil','2026-02-12','23:28:38',1),
(3,'Silk Cotton','2026-02-12','23:28:44',1),
(4,'Fancy','2026-02-12','23:28:49',1),
(5,'kalamkari','2026-02-12','23:28:56',1),
(6,'Emp','2026-02-12','23:29:01',1),
(7,'Cotton','2026-02-12','23:29:10',1),
(8,'Stationery','2026-02-15','10:48:20',1),
(9,'Print','2026-02-15','10:48:32',1),
(10,'Lovely','2026-02-15','10:48:53',1),
(11,'Others','2026-02-15','10:49:03',1),
(12,'Silk','2026-02-15','11:04:22',1),
(13,'Gifts','2026-02-17','10:18:33',1),
(14,'Grocery','2026-02-18','12:15:16',1),
(15,'Stationary','2026-02-19','11:57:08',1),
(16,'samples','2026-02-19','12:11:42',1),
(17,'E-Sevai','2026-02-27','12:59:59',1),
(18,'Restaurant','2026-03-11','10:46:09',1);

/*Table structure for table `prod_cheque_allocation` */

DROP TABLE IF EXISTS `prod_cheque_allocation`;

CREATE TABLE `prod_cheque_allocation` (
  `id` int NOT NULL AUTO_INCREMENT,
  `cheque_id` int NOT NULL,
  `bill_id` int NOT NULL,
  `allocated_amount` double NOT NULL,
  `allocated_date` date DEFAULT NULL,
  `allocated_time` time DEFAULT NULL,
  `due_date` date NOT NULL,
  `credit_days` int DEFAULT '10',
  `status` enum('ALLOCATED','CLEARED','REVERSED','BOUNCED') DEFAULT 'ALLOCATED',
  `cleared_date` date DEFAULT NULL,
  `cleared_time` time DEFAULT NULL,
  `reversed_date` date DEFAULT NULL,
  `reversed_time` time DEFAULT NULL,
  `reversed_by` int DEFAULT NULL,
  `is_reversed` tinyint DEFAULT '0',
  `uid` int NOT NULL,
  `notes` text,
  PRIMARY KEY (`id`),
  KEY `idx_cheque` (`cheque_id`),
  KEY `idx_bill` (`bill_id`),
  KEY `idx_status` (`status`),
  KEY `idx_due_date` (`due_date`)
) ENGINE=InnoDB DEFAULT CHARSET=utf8mb4 COLLATE=utf8mb4_0900_ai_ci;

/*Data for the table `prod_cheque_allocation` */

/*Table structure for table `prod_cheque_events` */

DROP TABLE IF EXISTS `prod_cheque_events`;

CREATE TABLE `prod_cheque_events` (
  `id` int NOT NULL AUTO_INCREMENT,
  `cheque_id` int NOT NULL,
  `event_type` enum('BOUNCE','EXPIRY','MANUAL_CLEAR') NOT NULL,
  `event_date` date DEFAULT NULL,
  `event_time` time DEFAULT NULL,
  `reason` text,
  `uid` int NOT NULL,
  PRIMARY KEY (`id`),
  KEY `idx_cheque` (`cheque_id`),
  KEY `idx_event_type` (`event_type`)
) ENGINE=InnoDB DEFAULT CHARSET=utf8mb4 COLLATE=utf8mb4_0900_ai_ci;

/*Data for the table `prod_cheque_events` */

/*Table structure for table `prod_cheque_stock` */

DROP TABLE IF EXISTS `prod_cheque_stock`;

CREATE TABLE `prod_cheque_stock` (
  `id` int NOT NULL AUTO_INCREMENT,
  `customer_id` int NOT NULL,
  `cheque_number` varchar(50) NOT NULL,
  `bank_name` text,
  `status` enum('AVAILABLE','PARTIAL','FULLY_USED','CLEARED','BOUNCED','EXPIRED') DEFAULT 'AVAILABLE',
  `entry_date` date DEFAULT NULL,
  `entry_time` time DEFAULT NULL,
  `uid` int NOT NULL,
  `notes` text,
  `is_active` tinyint DEFAULT '1',
  PRIMARY KEY (`id`),
  KEY `idx_customer` (`customer_id`),
  KEY `idx_status` (`status`)
) ENGINE=InnoDB DEFAULT CHARSET=utf8mb4 COLLATE=utf8mb4_0900_ai_ci;

/*Data for the table `prod_cheque_stock` */

/*Table structure for table `prod_lifecycle` */

DROP TABLE IF EXISTS `prod_lifecycle`;

CREATE TABLE `prod_lifecycle` (
  `id` int unsigned NOT NULL AUTO_INCREMENT,
  `bill_id` int NOT NULL DEFAULT '0',
  `batch_id` int NOT NULL,
  `product_id` int NOT NULL,
  `stock_in` decimal(10,2) NOT NULL DEFAULT '0.00',
  `stock_out` decimal(10,2) NOT NULL DEFAULT '0.00',
  `stock_now` decimal(10,2) NOT NULL,
  `is_zero_stock_bill` int DEFAULT '0',
  `notes` text,
  `date` date DEFAULT NULL,
  `time` time DEFAULT NULL,
  `uid` int NOT NULL,
  `stock_type` int DEFAULT '1' COMMENT '1=stock 2=noStock',
  `stockAdjType` int DEFAULT '0' COMMENT '1=add 2=remove',
  PRIMARY KEY (`id`),
  KEY `batch` (`batch_id`),
  KEY `prod` (`product_id`),
  KEY `uid` (`uid`),
  KEY `stock` (`stockAdjType`),
  KEY `billId` (`bill_id`)
) ENGINE=InnoDB AUTO_INCREMENT=584 DEFAULT CHARSET=latin1;

/*Data for the table `prod_lifecycle` */

insert  into `prod_lifecycle`(`id`,`bill_id`,`batch_id`,`product_id`,`stock_in`,`stock_out`,`stock_now`,`is_zero_stock_bill`,`notes`,`date`,`time`,`uid`,`stock_type`,`stockAdjType`) values 
(1,0,1,1,1000.00,0.00,1000.00,0,'Stock added while add item','2026-02-15','11:27:29',1,1,0),
(2,0,2,2,1000.00,0.00,1000.00,0,'Stock added while add item','2026-02-15','11:27:29',1,1,0),
(3,0,3,3,1000.00,0.00,1000.00,0,'Stock added while add item','2026-02-15','11:27:29',1,1,0),
(4,0,4,4,1000.00,0.00,1000.00,0,'Stock added while add item','2026-02-15','11:27:29',1,1,0),
(5,0,5,5,1000.00,0.00,1000.00,0,'Stock added while add item','2026-02-15','11:27:29',1,1,0),
(6,0,6,6,1000.00,0.00,1000.00,0,'Stock added while add item','2026-02-15','11:27:29',1,1,0),
(7,0,7,7,1000.00,0.00,1000.00,0,'Stock added while add item','2026-02-15','11:27:29',1,1,0),
(8,0,8,8,1000.00,0.00,1000.00,0,'Stock added while add item','2026-02-15','11:27:29',1,1,0),
(9,0,9,9,1000.00,0.00,1000.00,0,'Stock added while add item','2026-02-15','11:27:29',1,1,0),
(10,0,10,10,1000.00,0.00,1000.00,0,'Stock added while add item','2026-02-15','11:27:29',1,1,0),
(11,0,11,11,1000.00,0.00,1000.00,0,'Stock added while add item','2026-02-15','11:27:29',1,1,0),
(12,0,12,12,1000.00,0.00,1000.00,0,'Stock added while add item','2026-02-15','11:27:29',1,1,0),
(13,0,13,13,1000.00,0.00,1000.00,0,'Stock added while add item','2026-02-15','11:27:29',1,1,0),
(14,0,14,14,1000.00,0.00,1000.00,0,'Stock added while add item','2026-02-15','11:27:29',1,1,0),
(15,0,15,15,1000.00,0.00,1000.00,0,'Stock added while add item','2026-02-15','11:27:29',1,1,0),
(16,0,16,16,1000.00,0.00,1000.00,0,'Stock added while add item','2026-02-15','11:27:29',1,1,0),
(17,0,17,17,1000.00,0.00,1000.00,0,'Stock added while add item','2026-02-15','11:27:29',1,1,0),
(18,0,18,18,1000.00,0.00,1000.00,0,'Stock added while add item','2026-02-15','11:27:29',1,1,0),
(19,0,19,19,1000.00,0.00,1000.00,0,'Stock added while add item','2026-02-15','11:27:29',1,1,0),
(20,0,20,20,1000.00,0.00,1000.00,0,'Stock added while add item','2026-02-15','11:27:29',1,1,0),
(21,0,21,21,1000.00,0.00,1000.00,0,'Stock added while add item','2026-02-15','11:27:29',1,1,0),
(22,0,22,22,1000.00,0.00,1000.00,0,'Stock added while add item','2026-02-15','11:27:29',1,1,0),
(23,0,23,23,1000.00,0.00,1000.00,0,'Stock added while add item','2026-02-15','11:27:29',1,1,0),
(24,0,24,24,1000.00,0.00,1000.00,0,'Stock added while add item','2026-02-15','11:27:29',1,1,0),
(25,0,25,25,1000.00,0.00,1000.00,0,'Stock added while add item','2026-02-15','11:27:29',1,1,0),
(26,0,26,26,1000.00,0.00,1000.00,0,'Stock added while add item','2026-02-15','11:27:29',1,1,0),
(27,0,27,27,1000.00,0.00,1000.00,0,'Stock added while add item','2026-02-15','11:27:29',1,1,0),
(28,0,28,28,1000.00,0.00,1000.00,0,'Stock added while add item','2026-02-15','11:27:29',1,1,0),
(29,0,29,29,1000.00,0.00,1000.00,0,'Stock added while add item','2026-02-15','11:27:29',1,1,0),
(30,0,30,30,1000.00,0.00,1000.00,0,'Stock added while add item','2026-02-15','11:27:29',1,1,0),
(31,0,31,31,1000.00,0.00,1000.00,0,'Stock added while add item','2026-02-15','11:27:29',1,1,0),
(32,0,32,32,1000.00,0.00,1000.00,0,'Stock added while add item','2026-02-15','11:27:29',1,1,0),
(33,0,33,33,1000.00,0.00,1000.00,0,'Stock added while add item','2026-02-15','11:27:29',1,1,0),
(34,0,34,34,1000.00,0.00,1000.00,0,'Stock added while add item','2026-02-15','11:27:29',1,1,0),
(35,0,35,35,1000.00,0.00,1000.00,0,'Stock added while add item','2026-02-15','11:27:29',1,1,0),
(36,0,36,36,1000.00,0.00,1000.00,0,'Stock added while add item','2026-02-15','11:27:29',1,1,0),
(37,0,37,37,1000.00,0.00,1000.00,0,'Stock added while add item','2026-02-15','11:27:29',1,1,0),
(38,0,38,38,1000.00,0.00,1000.00,0,'Stock added while add item','2026-02-15','11:27:29',1,1,0),
(39,0,39,39,1000.00,0.00,1000.00,0,'Stock added while add item','2026-02-15','11:27:29',1,1,0),
(40,0,40,40,1000.00,0.00,1000.00,0,'Stock added while add item','2026-02-15','11:27:29',1,1,0),
(41,0,41,41,1000.00,0.00,1000.00,0,'Stock added while add item','2026-02-15','11:27:29',1,1,0),
(42,0,42,42,1000.00,0.00,1000.00,0,'Stock added while add item','2026-02-15','11:27:29',1,1,0),
(43,0,43,43,1000.00,0.00,1000.00,0,'Stock added while add item','2026-02-15','11:27:29',1,1,0),
(44,0,44,44,1000.00,0.00,1000.00,0,'Stock added while add item','2026-02-15','11:27:29',1,1,0),
(45,0,45,45,1000.00,0.00,1000.00,0,'Stock added while add item','2026-02-15','11:27:29',1,1,0),
(46,0,46,46,1000.00,0.00,1000.00,0,'Stock added while add item','2026-02-15','11:27:29',1,1,0),
(47,0,47,47,1000.00,0.00,1000.00,0,'Stock added while add item','2026-02-15','11:27:29',1,1,0),
(48,0,48,48,1000.00,0.00,1000.00,0,'Stock added while add item','2026-02-15','11:27:29',1,1,0),
(49,0,49,49,1000.00,0.00,1000.00,0,'Stock added while add item','2026-02-15','11:27:29',1,1,0),
(50,0,50,50,1000.00,0.00,1000.00,0,'Stock added while add item','2026-02-15','11:27:29',1,1,0),
(51,0,51,51,1000.00,0.00,1000.00,0,'Stock added while add item','2026-02-15','11:27:29',1,1,0),
(52,0,52,52,1000.00,0.00,1000.00,0,'Stock added while add item','2026-02-15','11:27:29',1,1,0),
(53,0,53,53,1000.00,0.00,1000.00,0,'Stock added while add item','2026-02-15','11:27:29',1,1,0),
(54,0,54,54,1000.00,0.00,1000.00,0,'Stock added while add item','2026-02-15','11:27:29',1,1,0),
(55,0,55,55,1000.00,0.00,1000.00,0,'Stock added while add item','2026-02-15','11:27:29',1,1,0),
(56,0,56,56,1000.00,0.00,1000.00,0,'Stock added while add item','2026-02-15','11:27:29',1,1,0),
(57,0,57,57,1000.00,0.00,1000.00,0,'Stock added while add item','2026-02-15','11:27:29',1,1,0),
(58,0,58,58,1000.00,0.00,1000.00,0,'Stock added while add item','2026-02-15','11:27:29',1,1,0),
(59,0,59,59,1000.00,0.00,1000.00,0,'Stock added while add item','2026-02-15','11:27:29',1,1,0),
(60,0,60,60,1000.00,0.00,1000.00,0,'Stock added while add item','2026-02-15','11:27:29',1,1,0),
(61,0,61,61,1000.00,0.00,1000.00,0,'Stock added while add item','2026-02-15','11:27:29',1,1,0),
(62,0,62,62,1000.00,0.00,1000.00,0,'Stock added while add item','2026-02-15','11:27:29',1,1,0),
(63,0,63,63,1000.00,0.00,1000.00,0,'Stock added while add item','2026-02-15','11:27:29',1,1,0),
(64,0,64,64,1000.00,0.00,1000.00,0,'Stock added while add item','2026-02-15','11:27:29',1,1,0),
(65,0,65,65,1000.00,0.00,1000.00,0,'Stock added while add item','2026-02-15','11:27:29',1,1,0),
(66,0,66,66,1000.00,0.00,1000.00,0,'Stock added while add item','2026-02-15','11:27:29',1,1,0),
(67,0,67,67,1000.00,0.00,1000.00,0,'Stock added while add item','2026-02-15','11:27:29',1,1,0),
(68,0,68,68,1000.00,0.00,1000.00,0,'Stock added while add item','2026-02-15','11:27:29',1,1,0),
(69,0,69,69,1000.00,0.00,1000.00,0,'Stock added while add item','2026-02-15','11:27:29',1,1,0),
(70,0,70,70,1000.00,0.00,1000.00,0,'Stock added while add item','2026-02-15','11:27:29',1,1,0),
(71,0,71,71,1000.00,0.00,1000.00,0,'Stock added while add item','2026-02-15','11:27:29',1,1,0),
(72,0,72,72,1000.00,0.00,1000.00,0,'Stock added while add item','2026-02-15','11:27:29',1,1,0),
(73,0,73,73,1000.00,0.00,1000.00,0,'Stock added while add item','2026-02-15','11:27:29',1,1,0),
(74,0,74,74,1000.00,0.00,1000.00,0,'Stock added while add item','2026-02-15','11:27:29',1,1,0),
(75,0,75,75,1000.00,0.00,1000.00,0,'Stock added while add item','2026-02-15','11:27:29',1,1,0),
(76,0,76,76,1000.00,0.00,1000.00,0,'Stock added while add item','2026-02-15','11:27:29',1,1,0),
(77,0,77,77,1000.00,0.00,1000.00,0,'Stock added while add item','2026-02-15','11:27:29',1,1,0),
(78,0,78,78,1000.00,0.00,1000.00,0,'Stock added while add item','2026-02-15','11:27:29',1,1,0),
(79,0,79,79,1000.00,0.00,1000.00,0,'Stock added while add item','2026-02-15','11:27:29',1,1,0),
(80,0,80,80,1000.00,0.00,1000.00,0,'Stock added while add item','2026-02-15','11:27:29',1,1,0),
(81,0,81,81,1000.00,0.00,1000.00,0,'Stock added while add item','2026-02-15','11:27:29',1,1,0),
(82,0,82,82,1000.00,0.00,1000.00,0,'Stock added while add item','2026-02-15','11:27:29',1,1,0),
(83,0,83,83,1000.00,0.00,1000.00,0,'Stock added while add item','2026-02-15','11:27:29',1,1,0),
(84,0,84,84,1000.00,0.00,1000.00,0,'Stock added while add item','2026-02-15','11:27:29',1,1,0),
(85,0,85,85,1000.00,0.00,1000.00,0,'Stock added while add item','2026-02-15','11:27:29',1,1,0),
(86,0,86,86,1000.00,0.00,1000.00,0,'Stock added while add item','2026-02-15','11:27:29',1,1,0),
(87,0,87,87,1000.00,0.00,1000.00,0,'Stock added while add item','2026-02-15','11:27:29',1,1,0),
(88,0,88,88,1000.00,0.00,1000.00,0,'Stock added while add item','2026-02-15','11:27:29',1,1,0),
(89,0,89,89,1000.00,0.00,1000.00,0,'Stock added while add item','2026-02-15','11:27:29',1,1,0),
(90,0,90,90,1000.00,0.00,1000.00,0,'Stock added while add item','2026-02-15','11:27:29',1,1,0),
(91,0,91,91,1000.00,0.00,1000.00,0,'Stock added while add item','2026-02-15','11:27:29',1,1,0),
(92,0,92,92,1000.00,0.00,1000.00,0,'Stock added while add item','2026-02-15','11:27:29',1,1,0),
(93,0,93,93,1000.00,0.00,1000.00,0,'Stock added while add item','2026-02-15','11:27:29',1,1,0),
(94,0,94,94,1000.00,0.00,1000.00,0,'Stock added while add item','2026-02-15','11:27:29',1,1,0),
(95,0,95,95,1000.00,0.00,1000.00,0,'Stock added while add item','2026-02-15','11:27:29',1,1,0),
(96,0,96,96,1000.00,0.00,1000.00,0,'Stock added while add item','2026-02-15','11:27:29',1,1,0),
(97,0,97,97,1000.00,0.00,1000.00,0,'Stock added while add item','2026-02-15','11:27:29',1,1,0),
(98,0,98,98,1000.00,0.00,1000.00,0,'Stock added while add item','2026-02-15','11:27:29',1,1,0),
(99,0,99,99,1000.00,0.00,1000.00,0,'Stock added while add item','2026-02-15','11:27:29',1,1,0),
(100,0,100,100,1000.00,0.00,1000.00,0,'Stock added while add item','2026-02-15','11:27:29',1,1,0),
(101,0,101,101,1000.00,0.00,1000.00,0,'Stock added while add item','2026-02-15','11:27:29',1,1,0),
(102,0,102,102,1000.00,0.00,1000.00,0,'Stock added while add item','2026-02-15','11:27:29',1,1,0),
(103,0,103,103,1000.00,0.00,1000.00,0,'Stock added while add item','2026-02-15','11:27:29',1,1,0),
(104,0,104,104,1000.00,0.00,1000.00,0,'Stock added while add item','2026-02-15','11:27:29',1,1,0),
(105,0,105,105,1000.00,0.00,1000.00,0,'Stock added while add item','2026-02-15','11:27:29',1,1,0),
(106,0,106,106,1000.00,0.00,1000.00,0,'Stock added while add item','2026-02-15','11:27:29',1,1,0),
(107,0,107,107,1000.00,0.00,1000.00,0,'Stock added while add item','2026-02-15','11:27:29',1,1,0),
(108,0,108,108,1000.00,0.00,1000.00,0,'Stock added while add item','2026-02-15','11:27:29',1,1,0),
(109,0,109,109,1000.00,0.00,1000.00,0,'Stock added while add item','2026-02-15','11:27:29',1,1,0),
(110,0,110,110,1000.00,0.00,1000.00,0,'Stock added while add item','2026-02-15','11:27:29',1,1,0),
(111,0,111,111,1000.00,0.00,1000.00,0,'Stock added while add item','2026-02-15','11:27:29',1,1,0),
(112,0,112,112,1000.00,0.00,1000.00,0,'Stock added while add item','2026-02-15','11:27:29',1,1,0),
(113,0,113,113,1000.00,0.00,1000.00,0,'Stock added while add item','2026-02-15','11:27:29',1,1,0),
(114,0,114,114,1000.00,0.00,1000.00,0,'Stock added while add item','2026-02-15','11:27:29',1,1,0),
(115,0,115,115,1000.00,0.00,1000.00,0,'Stock added while add item','2026-02-15','11:27:29',1,1,0),
(116,0,116,116,1000.00,0.00,1000.00,0,'Stock added while add item','2026-02-15','11:27:29',1,1,0),
(117,0,117,117,1000.00,0.00,1000.00,0,'Stock added while add item','2026-02-15','11:27:29',1,1,0),
(118,0,118,118,1000.00,0.00,1000.00,0,'Stock added while add item','2026-02-15','11:27:29',1,1,0),
(119,0,119,119,1000.00,0.00,1000.00,0,'Stock added while add item','2026-02-15','11:27:29',1,1,0),
(120,0,120,120,1000.00,0.00,1000.00,0,'Stock added while add item','2026-02-15','11:27:29',1,1,0),
(121,0,121,121,1000.00,0.00,1000.00,0,'Stock added while add item','2026-02-15','11:27:29',1,1,0),
(122,0,122,122,1000.00,0.00,1000.00,0,'Stock added while add item','2026-02-15','11:27:29',1,1,0),
(123,0,123,123,1000.00,0.00,1000.00,0,'Stock added while add item','2026-02-15','11:27:29',1,1,0),
(124,0,124,124,1000.00,0.00,1000.00,0,'Stock added while add item','2026-02-15','11:27:29',1,1,0),
(125,0,125,125,1000.00,0.00,1000.00,0,'Stock added while add item','2026-02-15','11:27:29',1,1,0),
(126,0,126,126,1000.00,0.00,1000.00,0,'Stock added while add item','2026-02-15','11:27:29',1,1,0),
(127,0,127,127,1000.00,0.00,1000.00,0,'Stock added while add item','2026-02-15','11:27:29',1,1,0),
(128,0,128,128,1000.00,0.00,1000.00,0,'Stock added while add item','2026-02-15','11:27:29',1,1,0),
(129,0,129,129,1000.00,0.00,1000.00,0,'Stock added while add item','2026-02-15','11:27:29',1,1,0),
(130,0,130,130,1000.00,0.00,1000.00,0,'Stock added while add item','2026-02-15','11:27:29',1,1,0),
(131,0,131,131,1000.00,0.00,1000.00,0,'Stock added while add item','2026-02-15','11:27:29',1,1,0),
(132,0,132,132,1000.00,0.00,1000.00,0,'Stock added while add item','2026-02-15','11:27:29',1,1,0),
(133,0,133,133,1000.00,0.00,1000.00,0,'Stock added while add item','2026-02-15','11:27:29',1,1,0),
(134,0,134,134,1000.00,0.00,1000.00,0,'Stock added while add item','2026-02-15','11:27:29',1,1,0),
(135,0,135,135,1000.00,0.00,1000.00,0,'Stock added while add item','2026-02-15','11:27:29',1,1,0),
(136,0,136,136,1000.00,0.00,1000.00,0,'Stock added while add item','2026-02-15','11:27:29',1,1,0),
(137,0,137,137,1000.00,0.00,1000.00,0,'Stock added while add item','2026-02-15','11:27:29',1,1,0),
(138,0,138,138,1000.00,0.00,1000.00,0,'Stock added while add item','2026-02-15','11:27:29',1,1,0),
(139,0,139,139,1000.00,0.00,1000.00,0,'Stock added while add item','2026-02-15','11:27:29',1,1,0),
(140,0,140,140,1000.00,0.00,1000.00,0,'Stock added while add item','2026-02-15','11:27:29',1,1,0),
(141,0,141,141,1000.00,0.00,1000.00,0,'Stock added while add item','2026-02-15','11:27:29',1,1,0),
(142,0,142,142,1000.00,0.00,1000.00,0,'Stock added while add item','2026-02-15','11:27:29',1,1,0),
(143,0,143,143,1000.00,0.00,1000.00,0,'Stock added while add item','2026-02-15','11:27:29',1,1,0),
(144,0,144,144,1000.00,0.00,1000.00,0,'Stock added while add item','2026-02-15','11:27:29',1,1,0),
(145,0,145,145,1000.00,0.00,1000.00,0,'Stock added while add item','2026-02-15','11:27:29',1,1,0),
(146,0,146,146,1000.00,0.00,1000.00,0,'Stock added while add item','2026-02-15','11:27:29',1,1,0),
(147,0,147,147,1000.00,0.00,1000.00,0,'Stock added while add item','2026-02-15','11:27:29',1,1,0),
(148,0,148,148,1000.00,0.00,1000.00,0,'Stock added while add item','2026-02-15','11:27:29',1,1,0),
(149,0,149,149,1000.00,0.00,1000.00,0,'Stock added while add item','2026-02-15','11:27:29',1,1,0),
(150,0,150,150,1000.00,0.00,1000.00,0,'Stock added while add item','2026-02-15','11:27:29',1,1,0),
(151,0,151,151,1000.00,0.00,1000.00,0,'Stock added while add item','2026-02-15','11:27:29',1,1,0),
(152,0,152,152,1000.00,0.00,1000.00,0,'Stock added while add item','2026-02-15','11:27:29',1,1,0),
(153,0,153,153,1000.00,0.00,1000.00,0,'Stock added while add item','2026-02-15','11:27:29',1,1,0),
(154,0,154,154,1000.00,0.00,1000.00,0,'Stock added while add item','2026-02-15','11:27:29',1,1,0),
(155,0,155,155,1000.00,0.00,1000.00,0,'Stock added while add item','2026-02-15','11:27:29',1,1,0),
(156,0,156,156,1000.00,0.00,1000.00,0,'Stock added while add item','2026-02-15','11:27:29',1,1,0),
(157,0,157,157,1000.00,0.00,1000.00,0,'Stock added while add item','2026-02-15','11:27:29',1,1,0),
(158,0,158,158,1000.00,0.00,1000.00,0,'Stock added while add item','2026-02-15','11:27:29',1,1,0),
(159,0,159,159,1000.00,0.00,1000.00,0,'Stock added while add item','2026-02-15','11:27:29',1,1,0),
(160,0,160,160,1000.00,0.00,1000.00,0,'Stock added while add item','2026-02-15','11:27:29',1,1,0),
(161,0,161,161,1000.00,0.00,1000.00,0,'Stock added while add item','2026-02-15','11:27:29',1,1,0),
(162,0,162,162,1000.00,0.00,1000.00,0,'Stock added while add item','2026-02-15','11:27:29',1,1,0),
(163,0,163,163,1000.00,0.00,1000.00,0,'Stock added while add item','2026-02-15','11:27:29',1,1,0),
(164,0,164,164,1000.00,0.00,1000.00,0,'Stock added while add item','2026-02-15','11:27:29',1,1,0),
(165,0,165,165,1000.00,0.00,1000.00,0,'Stock added while add item','2026-02-15','11:27:29',1,1,0),
(166,0,166,166,1000.00,0.00,1000.00,0,'Stock added while add item','2026-02-15','11:27:29',1,1,0),
(167,0,167,167,1000.00,0.00,1000.00,0,'Stock added while add item','2026-02-15','11:27:29',1,1,0),
(168,0,168,168,1000.00,0.00,1000.00,0,'Stock added while add item','2026-02-15','11:27:29',1,1,0),
(169,0,169,169,1000.00,0.00,1000.00,0,'Stock added while add item','2026-02-15','11:27:29',1,1,0),
(170,0,170,170,1000.00,0.00,1000.00,0,'Stock added while add item','2026-02-15','11:27:29',1,1,0),
(171,0,171,171,1000.00,0.00,1000.00,0,'Stock added while add item','2026-02-15','11:27:29',1,1,0),
(172,0,172,172,1000.00,0.00,1000.00,0,'Stock added while add item','2026-02-15','11:27:29',1,1,0),
(173,0,173,173,1000.00,0.00,1000.00,0,'Stock added while add item','2026-02-15','11:27:29',1,1,0),
(174,0,174,174,1000.00,0.00,1000.00,0,'Stock added while add item','2026-02-15','11:27:29',1,1,0),
(175,0,175,175,1000.00,0.00,1000.00,0,'Stock added while add item','2026-02-15','11:27:29',1,1,0),
(176,0,176,176,1000.00,0.00,1000.00,0,'Stock added while add item','2026-02-15','11:27:29',1,1,0),
(177,0,177,177,1000.00,0.00,1000.00,0,'Stock added while add item','2026-02-15','11:27:29',1,1,0),
(178,0,178,178,1000.00,0.00,1000.00,0,'Stock added while add item','2026-02-15','11:27:29',1,1,0),
(179,0,179,179,1000.00,0.00,1000.00,0,'Stock added while add item','2026-02-15','11:27:29',1,1,0),
(180,0,180,180,1000.00,0.00,1000.00,0,'Stock added while add item','2026-02-15','11:27:29',1,1,0),
(181,0,181,181,1000.00,0.00,1000.00,0,'Stock added while add item','2026-02-15','11:27:29',1,1,0),
(182,0,182,182,1000.00,0.00,1000.00,0,'Stock added while add item','2026-02-15','11:27:29',1,1,0),
(183,0,183,183,1000.00,0.00,1000.00,0,'Stock added while add item','2026-02-15','11:27:29',1,1,0),
(184,0,184,184,1000.00,0.00,1000.00,0,'Stock added while add item','2026-02-15','11:27:29',1,1,0),
(185,0,185,185,1000.00,0.00,1000.00,0,'Stock added while add item','2026-02-15','11:27:29',1,1,0),
(186,0,186,186,1000.00,0.00,1000.00,0,'Stock added while add item','2026-02-15','11:27:29',1,1,0),
(187,0,187,187,1000.00,0.00,1000.00,0,'Stock added while add item','2026-02-15','11:27:29',1,1,0),
(188,0,188,188,1000.00,0.00,1000.00,0,'Stock added while add item','2026-02-15','11:27:29',1,1,0),
(189,0,189,189,1000.00,0.00,1000.00,0,'Stock added while add item','2026-02-15','11:27:29',1,1,0),
(190,0,190,190,1000.00,0.00,1000.00,0,'Stock added while add item','2026-02-15','11:27:29',1,1,0),
(191,0,191,191,1000.00,0.00,1000.00,0,'Stock added while add item','2026-02-15','11:27:29',1,1,0),
(192,0,192,192,1000.00,0.00,1000.00,0,'Stock added while add item','2026-02-15','11:27:29',1,1,0),
(193,0,193,193,1000.00,0.00,1000.00,0,'Stock added while add item','2026-02-15','11:27:29',1,1,0),
(194,0,194,194,1000.00,0.00,1000.00,0,'Stock added while add item','2026-02-15','11:27:29',1,1,0),
(195,0,195,195,1000.00,0.00,1000.00,0,'Stock added while add item','2026-02-15','11:27:29',1,1,0),
(196,0,196,196,1000.00,0.00,1000.00,0,'Stock added while add item','2026-02-15','11:27:29',1,1,0),
(197,0,197,197,1000.00,0.00,1000.00,0,'Stock added while add item','2026-02-15','11:27:29',1,1,0),
(198,0,198,198,1000.00,0.00,1000.00,0,'Stock added while add item','2026-02-15','11:27:29',1,1,0),
(199,0,199,199,1000.00,0.00,1000.00,0,'Stock added while add item','2026-02-15','11:27:29',1,1,0),
(200,0,200,200,1000.00,0.00,1000.00,0,'Stock added while add item','2026-02-15','11:27:29',1,1,0),
(201,0,201,201,1000.00,0.00,1000.00,0,'Stock added while add item','2026-02-15','11:27:29',1,1,0),
(202,0,202,202,1000.00,0.00,1000.00,0,'Stock added while add item','2026-02-15','11:27:29',1,1,0),
(203,0,203,203,1000.00,0.00,1000.00,0,'Stock added while add item','2026-02-15','11:27:29',1,1,0),
(204,0,204,204,1000.00,0.00,1000.00,0,'Stock added while add item','2026-02-15','11:27:29',1,1,0),
(205,0,205,205,1000.00,0.00,1000.00,0,'Stock added while add item','2026-02-15','11:27:29',1,1,0),
(206,0,206,206,1000.00,0.00,1000.00,0,'Stock added while add item','2026-02-15','11:27:29',1,1,0),
(207,0,207,207,1000.00,0.00,1000.00,0,'Stock added while add item','2026-02-15','11:27:29',1,1,0),
(208,0,208,208,1000.00,0.00,1000.00,0,'Stock added while add item','2026-02-15','11:27:29',1,1,0),
(209,0,209,209,1000.00,0.00,1000.00,0,'Stock added while add item','2026-02-15','11:27:29',1,1,0),
(210,0,210,210,1000.00,0.00,1000.00,0,'Stock added while add item','2026-02-15','11:27:29',1,1,0),
(211,0,211,211,1000.00,0.00,1000.00,0,'Stock added while add item','2026-02-15','11:27:29',1,1,0),
(212,0,212,212,1000.00,0.00,1000.00,0,'Stock added while add item','2026-02-15','11:27:29',1,1,0),
(213,0,213,213,1000.00,0.00,1000.00,0,'Stock added while add item','2026-02-15','11:27:29',1,1,0),
(214,0,214,214,1000.00,0.00,1000.00,0,'Stock added while add item','2026-02-15','11:27:29',1,1,0),
(215,0,215,215,1000.00,0.00,1000.00,0,'Stock added while add item','2026-02-15','11:27:29',1,1,0),
(216,0,216,216,1000.00,0.00,1000.00,0,'Stock added while add item','2026-02-15','11:27:29',1,1,0),
(217,0,217,217,1000.00,0.00,1000.00,0,'Stock added while add item','2026-02-15','11:27:29',1,1,0),
(218,0,218,218,1000.00,0.00,1000.00,0,'Stock added while add item','2026-02-15','11:27:29',1,1,0),
(219,0,219,219,1000.00,0.00,1000.00,0,'Stock added while add item','2026-02-15','11:27:29',1,1,0),
(220,0,220,220,1000.00,0.00,1000.00,0,'Stock added while add item','2026-02-15','11:27:29',1,1,0),
(221,0,221,221,1000.00,0.00,1000.00,0,'Stock added while add item','2026-02-15','11:27:29',1,1,0),
(222,0,222,222,1000.00,0.00,1000.00,0,'Stock added while add item','2026-02-15','11:27:29',1,1,0),
(223,0,223,223,1000.00,0.00,1000.00,0,'Stock added while add item','2026-02-15','11:27:29',1,1,0),
(224,0,224,224,1000.00,0.00,1000.00,0,'Stock added while add item','2026-02-15','11:27:29',1,1,0),
(225,0,225,225,1000.00,0.00,1000.00,0,'Stock added while add item','2026-02-15','11:27:29',1,1,0),
(226,0,226,226,1000.00,0.00,1000.00,0,'Stock added while add item','2026-02-15','11:27:29',1,1,0),
(227,0,227,227,1000.00,0.00,1000.00,0,'Stock added while add item','2026-02-15','11:27:29',1,1,0),
(228,0,228,228,1000.00,0.00,1000.00,0,'Stock added while add item','2026-02-15','11:27:29',1,1,0),
(229,0,229,229,1000.00,0.00,1000.00,0,'Stock added while add item','2026-02-15','11:27:29',1,1,0),
(230,0,230,230,1000.00,0.00,1000.00,0,'Stock added while add item','2026-02-15','11:27:29',1,1,0),
(231,0,231,231,1000.00,0.00,1000.00,0,'Stock added while add item','2026-02-15','11:27:29',1,1,0),
(232,0,232,232,1000.00,0.00,1000.00,0,'Stock added while add item','2026-02-15','11:27:29',1,1,0),
(233,0,233,233,1000.00,0.00,1000.00,0,'Stock added while add item','2026-02-15','11:27:29',1,1,0),
(234,0,234,234,1000.00,0.00,1000.00,0,'Stock added while add item','2026-02-15','11:27:29',1,1,0),
(235,0,235,235,1000.00,0.00,1000.00,0,'Stock added while add item','2026-02-15','11:27:29',1,1,0),
(236,0,236,236,1000.00,0.00,1000.00,0,'Stock added while add item','2026-02-15','11:27:29',1,1,0),
(237,0,237,237,1000.00,0.00,1000.00,0,'Stock added while add item','2026-02-15','11:27:29',1,1,0),
(238,0,238,238,1000.00,0.00,1000.00,0,'Stock added while add item','2026-02-15','11:27:29',1,1,0),
(239,0,239,239,1000.00,0.00,1000.00,0,'Stock added while add item','2026-02-15','11:27:29',1,1,0),
(240,0,240,240,1000.00,0.00,1000.00,0,'Stock added while add item','2026-02-15','11:27:29',1,1,0),
(241,0,241,241,1000.00,0.00,1000.00,0,'Stock added while add item','2026-02-15','11:27:29',1,1,0),
(242,0,242,242,1000.00,0.00,1000.00,0,'Stock added while add item','2026-02-15','11:27:29',1,1,0),
(243,0,243,243,1000.00,0.00,1000.00,0,'Stock added while add item','2026-02-15','11:27:29',1,1,0),
(244,0,244,244,1000.00,0.00,1000.00,0,'Stock added while add item','2026-02-15','11:27:29',1,1,0),
(245,0,245,245,1000.00,0.00,1000.00,0,'Stock added while add item','2026-02-15','11:27:29',1,1,0),
(246,0,246,246,1000.00,0.00,1000.00,0,'Stock added while add item','2026-02-15','11:27:29',1,1,0),
(247,0,247,247,1000.00,0.00,1000.00,0,'Stock added while add item','2026-02-15','11:27:29',1,1,0),
(248,0,248,248,1000.00,0.00,1000.00,0,'Stock added while add item','2026-02-15','11:27:29',1,1,0),
(249,0,249,249,1000.00,0.00,1000.00,0,'Stock added while add item','2026-02-15','11:27:29',1,1,0),
(250,0,250,250,1000.00,0.00,1000.00,0,'Stock added while add item','2026-02-15','11:27:29',1,1,0),
(251,0,251,251,1000.00,0.00,1000.00,0,'Stock added while add item','2026-02-15','11:27:29',1,1,0),
(252,0,252,252,1000.00,0.00,1000.00,0,'Stock added while add item','2026-02-15','11:27:29',1,1,0),
(253,0,253,253,1000.00,0.00,1000.00,0,'Stock added while add item','2026-02-15','11:27:29',1,1,0),
(254,0,254,254,1000.00,0.00,1000.00,0,'Stock added while add item','2026-02-15','11:27:29',1,1,0),
(255,0,255,255,1000.00,0.00,1000.00,0,'Stock added while add item','2026-02-15','11:27:29',1,1,0),
(256,0,256,256,1000.00,0.00,1000.00,0,'Stock added while add item','2026-02-15','11:27:29',1,1,0),
(257,0,257,257,1000.00,0.00,1000.00,0,'Stock added while add item','2026-02-15','11:27:29',1,1,0),
(258,0,258,258,1000.00,0.00,1000.00,0,'Stock added while add item','2026-02-15','11:27:29',1,1,0),
(259,0,259,259,1000.00,0.00,1000.00,0,'Stock added while add item','2026-02-15','11:27:29',1,1,0),
(260,0,260,260,1000.00,0.00,1000.00,0,'Stock added while add item','2026-02-15','11:27:29',1,1,0),
(261,0,261,261,1000.00,0.00,1000.00,0,'Stock added while add item','2026-02-15','11:27:29',1,1,0),
(262,0,262,262,1000.00,0.00,1000.00,0,'Stock added while add item','2026-02-15','11:27:29',1,1,0),
(263,0,263,263,1000.00,0.00,1000.00,0,'Stock added while add item','2026-02-15','11:27:29',1,1,0),
(264,0,264,264,1000.00,0.00,1000.00,0,'Stock added while add item','2026-02-15','11:27:29',1,1,0),
(265,0,265,265,1000.00,0.00,1000.00,0,'Stock added while add item','2026-02-15','11:27:29',1,1,0),
(266,0,266,266,1000.00,0.00,1000.00,0,'Stock added while add item','2026-02-15','11:27:29',1,1,0),
(267,0,267,267,1000.00,0.00,1000.00,0,'Stock added while add item','2026-02-15','11:27:29',1,1,0),
(268,0,268,268,1000.00,0.00,1000.00,0,'Stock added while add item','2026-02-15','11:27:29',1,1,0),
(269,0,269,269,1000.00,0.00,1000.00,0,'Stock added while add item','2026-02-15','11:27:29',1,1,0),
(270,0,270,270,1000.00,0.00,1000.00,0,'Stock added while add item','2026-02-15','11:27:29',1,1,0),
(271,0,271,271,1000.00,0.00,1000.00,0,'Stock added while add item','2026-02-15','11:27:29',1,1,0),
(512,10,2,2,0.00,1.00,999.00,0,'WHILE BILLING','2026-02-15','23:33:56',1,1,0),
(513,11,1,1,0.00,1.00,999.00,0,'WHILE BILLING','2026-02-16','18:14:18',1,1,0),
(514,0,296,296,0.00,0.00,0.00,0,'WHILE ADD PRODUCT','2026-02-17','10:19:14',1,1,0),
(515,0,296,296,15.00,0.00,15.00,0,'Adding Stock - a','2026-02-17','10:19:36',1,1,1),
(516,12,296,296,0.00,1.00,14.00,0,'WHILE BILLING','2026-02-17','10:19:46',1,1,0),
(517,13,2,2,0.00,1.00,998.00,0,'WHILE BILLING','2026-02-17','16:03:25',1,1,0),
(518,13,6,6,0.00,1.00,999.00,0,'WHILE BILLING','2026-02-17','16:03:25',1,1,0),
(519,13,67,67,0.00,1.00,999.00,0,'WHILE BILLING','2026-02-17','16:03:25',1,1,0),
(520,14,1,1,0.00,1.00,998.00,0,'WHILE BILLING','2026-02-17','16:12:04',1,1,0),
(521,15,1,1,0.00,1.00,997.00,0,'WHILE BILLING','2026-02-17','16:15:29',1,1,0),
(522,0,297,297,100.00,0.00,100.00,0,'WHILE ADD PRODUCT','2026-02-18','12:16:05',1,1,0),
(523,16,297,297,0.00,1.00,99.00,0,'WHILE BILLING','2026-02-18','12:17:02',1,1,0),
(524,17,297,297,0.00,1.00,98.00,0,'WHILE BILLING','2026-02-18','12:21:00',1,1,0),
(525,18,297,297,0.00,3.00,95.00,0,'WHILE BILLING','2026-02-18','12:24:30',1,1,0),
(526,0,298,298,10.00,0.00,10.00,0,'WHILE ADD PRODUCT','2026-02-18','12:27:13',1,1,0),
(527,19,298,298,0.00,1.00,9.00,0,'WHILE BILLING','2026-02-18','12:27:22',1,1,0),
(528,20,296,296,0.00,1.00,13.00,0,'WHILE BILLING','2026-02-18','18:29:44',1,1,0),
(529,0,299,299,100.00,0.00,100.00,0,'WHILE ADD PRODUCT','2026-02-19','12:12:28',1,1,0),
(530,0,299,299,1.00,0.00,101.00,0,'Adding Stock - a','2026-02-19','12:19:24',1,1,1),
(531,21,299,299,0.00,1.00,100.00,0,'WHILE BILLING','2026-02-19','12:19:57',1,1,0),
(532,22,299,299,0.00,1.00,99.00,0,'WHILE BILLING','2026-02-19','12:20:21',1,1,0),
(533,0,1,299,1.00,0.00,100.00,2,'While Stock Added Through Purchase Entry','2026-02-19','12:21:10',1,2,0),
(534,23,299,299,0.00,1.00,99.00,0,'WHILE BILLING','2026-02-19','12:28:23',1,1,0),
(535,24,1,1,0.00,1.00,996.00,0,'WHILE BILLING','2026-02-19','15:35:03',1,1,0),
(536,0,300,300,0.00,0.00,0.00,0,'WHILE ADD PRODUCT','2026-02-21','13:45:09',1,1,0),
(537,25,1,1,0.00,1.00,995.00,0,'WHILE BILLING','2026-02-21','14:19:02',1,1,0),
(538,0,301,301,10.00,0.00,10.00,0,'WHILE ADD PRODUCT','2026-02-26','15:39:53',1,1,0),
(539,0,302,302,0.00,0.00,0.00,0,'WHILE ADD PRODUCT','2026-02-26','16:31:29',1,1,0),
(540,26,296,296,0.00,1.00,12.00,0,'WHILE BILLING','2026-02-27','14:53:19',1,1,0),
(541,27,296,296,0.00,2.00,10.00,0,'WHILE BILLING','2026-02-27','16:06:47',1,1,0),
(542,27,297,297,0.00,7.00,88.00,0,'WHILE BILLING','2026-02-27','16:06:47',1,1,0),
(543,28,296,296,0.00,1.00,9.00,0,'WHILE BILLING','2026-02-27','16:08:22',1,1,0),
(544,28,297,297,0.00,1.00,87.00,0,'WHILE BILLING','2026-02-27','16:08:22',1,1,0),
(545,29,296,296,0.00,1.00,8.00,0,'WHILE BILLING','2026-02-27','16:15:15',1,1,0),
(546,30,296,296,0.00,1.00,7.00,0,'WHILE BILLING','2026-02-27','16:17:25',1,1,0),
(547,31,296,296,0.00,1.00,6.00,0,'WHILE BILLING','2026-02-27','16:20:29',1,1,0),
(548,32,296,296,0.00,1.00,5.00,0,'WHILE BILLING','2026-02-27','16:20:43',1,1,0),
(549,0,303,303,10.00,0.00,10.00,0,'WHILE ADD PRODUCT','2026-02-27','16:31:24',1,1,0),
(550,33,0,303,0.00,2.00,10.00,1,' BILL WITHOUT STOCK','2026-02-27','16:35:24',1,1,0),
(551,34,0,303,0.00,1.00,9.00,0,'WHILE BILLING','2026-02-27','16:42:13',1,1,0),
(552,35,303,303,0.00,1.00,8.00,0,'WHILE BILLING','2026-02-27','16:46:09',1,1,0),
(553,0,304,304,0.00,0.00,0.00,0,'WHILE ADD PRODUCT','2026-03-03','09:50:54',1,1,0),
(554,36,304,304,0.00,2.00,-2.00,0,'WHILE BILLING','2026-03-03','09:52:39',1,1,0),
(555,37,304,304,0.00,10.00,-12.00,0,'WHILE BILLING','2026-03-03','09:58:15',1,1,0),
(556,0,1,304,1.00,0.00,-11.00,2,'While Stock Added Through Purchase Entry','2026-03-03','10:11:11',1,2,0),
(557,38,0,304,0.00,1.00,-12.00,0,'WHILE BILLING','2026-03-03','10:22:47',1,1,0),
(558,0,305,305,0.00,0.00,0.00,0,'WHILE ADD PRODUCT','2026-03-03','10:31:23',1,1,0),
(559,39,305,305,0.00,1.00,0.00,1,' BILL WITHOUT STOCK','2026-03-03','10:31:30',1,1,0),
(560,40,0,305,0.00,1.00,0.00,1,' BILL WITHOUT STOCK','2026-03-03','10:31:59',1,1,0),
(561,41,0,305,0.00,1.00,0.00,1,' BILL WITHOUT STOCK','2026-03-03','10:32:32',1,1,0),
(562,0,1,305,10.00,0.00,10.00,2,'While Stock Added Through Purchase Entry','2026-03-03','10:33:34',1,2,0),
(563,42,305,305,0.00,1.00,9.00,0,'WHILE BILLING','2026-03-03','10:33:41',1,1,0),
(564,43,296,296,0.00,1.00,4.00,0,'WHILE BILLING','2026-03-03','16:42:22',1,1,0),
(565,0,306,306,10.00,0.00,10.00,0,'WHILE ADD PRODUCT','2026-03-05','17:37:17',1,1,0),
(566,44,306,306,0.00,1.00,9.00,0,'WHILE BILLING','2026-03-05','17:38:57',1,1,0),
(567,0,306,306,100.00,0.00,109.00,0,'Adding Stock - zdfsffsdf','2026-03-05','17:45:28',1,1,1),
(568,45,296,296,0.00,1.00,3.00,0,'WHILE BILLING','2026-03-05','17:46:50',1,1,0),
(569,46,297,297,0.00,4.00,83.00,0,'WHILE BILLING','2026-03-05','17:51:35',1,1,0),
(570,47,296,296,0.00,1.00,2.00,0,'WHILE BILLING','2026-03-05','17:54:22',1,1,0),
(571,0,307,307,0.00,0.00,0.00,0,'WHILE ADD PRODUCT','2026-03-11','10:47:29',1,1,0),
(572,48,0,307,0.00,1.00,0.00,1,' BILL WITHOUT STOCK','2026-03-11','10:51:52',1,1,0),
(573,48,10,10,0.00,1.00,999.00,0,'WHILE BILLING','2026-03-11','10:51:52',1,1,0),
(574,49,296,296,0.00,1.00,1.00,0,'WHILE BILLING','2026-03-11','17:15:46',1,1,0),
(575,0,308,308,12.00,0.00,12.00,0,'WHILE ADD PRODUCT','2026-03-14','15:46:27',1,1,0),
(576,50,308,308,0.00,1.00,11.00,0,'WHILE BILLING','2026-03-14','15:46:53',1,1,0),
(577,51,308,308,0.00,1.00,10.00,0,'WHILE BILLING','2026-03-14','15:47:42',1,1,0),
(578,52,308,308,0.00,1.00,9.00,0,'WHILE BILLING','2026-03-14','15:48:20',1,1,0),
(579,53,308,308,0.00,1.00,8.00,0,'WHILE BILLING','2026-03-14','15:51:17',1,1,0),
(580,2,308,308,0.00,1.00,7.00,0,'WHILE BILLING','2026-03-14','15:51:24',1,1,0),
(581,55,308,308,0.00,1.00,6.00,0,'WHILE BILLING','2026-03-14','15:53:17',1,1,0),
(582,56,296,296,0.00,1.00,0.00,0,'WHILE BILLING','2026-03-14','15:53:25',1,1,0),
(583,57,296,296,0.00,1.00,0.00,1,' BILL WITHOUT STOCK','2026-03-15','21:45:13',1,1,0);

/*Table structure for table `prod_order` */

DROP TABLE IF EXISTS `prod_order`;

CREATE TABLE `prod_order` (
  `id` int unsigned NOT NULL AUTO_INCREMENT,
  `order_no` varchar(255) NOT NULL,
  `table_id` int NOT NULL,
  `is_delivered` int DEFAULT '0',
  `is_billed` int DEFAULT '0',
  `is_cancelled` int DEFAULT '0',
  `date` date DEFAULT NULL,
  `time` time DEFAULT NULL,
  `uid` int NOT NULL,
  PRIMARY KEY (`id`)
) ENGINE=InnoDB AUTO_INCREMENT=5 DEFAULT CHARSET=utf8mb4 COLLATE=utf8mb4_0900_ai_ci;

/*Data for the table `prod_order` */

insert  into `prod_order`(`id`,`order_no`,`table_id`,`is_delivered`,`is_billed`,`is_cancelled`,`date`,`time`,`uid`) values 
(1,'1',1,0,1,0,'2026-02-27','16:46:01',1),
(2,'1',1,0,1,0,'2026-03-03','10:32:25',1),
(3,'1',1,0,1,0,'2026-03-11','10:50:57',1),
(4,'2',1,1,0,0,'2026-03-11','10:59:52',1);

/*Table structure for table `prod_order_details` */

DROP TABLE IF EXISTS `prod_order_details`;

CREATE TABLE `prod_order_details` (
  `id` int unsigned NOT NULL AUTO_INCREMENT,
  `order_id` int NOT NULL,
  `prod_id` int NOT NULL,
  `qty` int NOT NULL,
  `price` double(10,3) DEFAULT '0.000',
  `total` double(10,3) DEFAULT '0.000',
  `is_delivered` int DEFAULT '0',
  PRIMARY KEY (`id`)
) ENGINE=InnoDB AUTO_INCREMENT=6 DEFAULT CHARSET=utf8mb4 COLLATE=utf8mb4_0900_ai_ci;

/*Data for the table `prod_order_details` */

insert  into `prod_order_details`(`id`,`order_id`,`prod_id`,`qty`,`price`,`total`,`is_delivered`) values 
(1,1,303,1,20.000,20.000,0),
(2,2,305,1,26.000,26.000,0),
(3,3,307,1,450.000,450.000,0),
(4,3,10,1,120.000,120.000,0),
(5,4,307,1,450.000,450.000,1);

/*Table structure for table `prod_product` */

DROP TABLE IF EXISTS `prod_product`;

CREATE TABLE `prod_product` (
  `id` int unsigned NOT NULL AUTO_INCREMENT,
  `name` varchar(255) NOT NULL,
  `code` varchar(255) CHARACTER SET latin1 COLLATE latin1_swedish_ci DEFAULT '0',
  `category_id` int NOT NULL,
  `brand_id` int NOT NULL,
  `unit_id` int DEFAULT '1',
  `hsn` int DEFAULT NULL,
  `uid` int NOT NULL,
  `date` date DEFAULT NULL,
  `time` time DEFAULT NULL,
  `is_active` int DEFAULT '1',
  `gst` int NOT NULL,
  PRIMARY KEY (`id`),
  KEY `cat` (`category_id`),
  KEY `brand` (`brand_id`),
  KEY `uid` (`uid`),
  KEY `unit` (`unit_id`)
) ENGINE=InnoDB AUTO_INCREMENT=309 DEFAULT CHARSET=latin1;

/*Data for the table `prod_product` */

insert  into `prod_product`(`id`,`name`,`code`,`category_id`,`brand_id`,`unit_id`,`hsn`,`uid`,`date`,`time`,`is_active`,`gst`) values 
(1,'Lining 1M','J01',1,1,1,NULL,1,'2026-02-12','23:30:15',1,5),
(2,'Lining  80cm','J02',1,1,1,NULL,1,'2026-02-12','23:30:47',1,0),
(3,'Lining 50cm','J03',1,1,1,NULL,1,'2026-02-12','23:31:09',1,0),
(4,'Lining 25cm','J04',1,1,1,NULL,1,'2026-02-12','23:31:29',1,0),
(5,'Blouse 1 M','J05',2,1,1,NULL,1,'2026-02-12','23:32:22',1,0),
(6,'Blouse 80cm','J06',2,1,1,NULL,1,'2026-02-12','23:33:19',1,0),
(7,'Silk Blouse 1 M','J07',3,1,1,NULL,1,'2026-02-12','23:35:01',1,0),
(8,'Silk Blouse 80cm','J08',3,1,1,NULL,1,'2026-02-12','23:35:25',1,0),
(9,'Fancy Blouse ','J09',4,1,1,NULL,1,'2026-02-12','23:35:57',1,0),
(10,'Kalamkari Blouse 1 M','J10',5,1,1,NULL,1,'2026-02-12','23:37:35',1,0),
(11,'Kalamkari Blouse 80cm','J11',5,1,1,NULL,1,'2026-02-12','23:38:16',1,0),
(12,'EMP Blouse 1 M','J12',6,1,1,NULL,1,'2026-02-12','23:38:42',1,0),
(13,'Stationery','J13',8,1,1,NULL,1,'2026-02-15','10:50:22',1,0),
(14,'Fancy Items','J14',4,1,1,NULL,1,'2026-02-15','10:51:23',1,0),
(15,'Xerox/Print','J15',9,1,1,NULL,1,'2026-02-15','10:52:19',1,0),
(16,'Saree','J16',7,1,1,NULL,1,NULL,NULL,1,0),
(17,'Saree','J17',7,1,1,NULL,1,NULL,NULL,1,0),
(18,'saree','J18',7,1,1,NULL,1,NULL,NULL,1,0),
(19,'Saree','J19',7,1,1,NULL,1,NULL,NULL,1,0),
(20,'saree','J20',7,1,1,NULL,1,NULL,NULL,1,0),
(21,'Saree','J21',4,1,1,NULL,1,NULL,NULL,1,0),
(22,'Saree','J22',4,1,1,NULL,1,NULL,NULL,1,0),
(23,'Saree','J23',4,1,1,NULL,1,NULL,NULL,1,0),
(24,'Saree','J24',4,1,1,NULL,1,NULL,NULL,1,0),
(25,'Saree','J25',4,1,1,NULL,1,NULL,NULL,1,0),
(26,'Saree','J26',4,1,1,NULL,1,NULL,NULL,1,0),
(27,'Saree','J27',12,1,1,NULL,1,NULL,NULL,1,0),
(28,'Saree','J28',12,1,1,NULL,1,NULL,NULL,1,0),
(29,'Saree','J29',3,1,1,NULL,1,NULL,NULL,1,0),
(30,'Saree','J30',3,1,1,NULL,1,NULL,NULL,1,0),
(31,'Nighty XL','J31',10,1,1,NULL,1,NULL,NULL,1,0),
(32,'Nighty XXL','J32',10,1,1,NULL,1,NULL,NULL,1,0),
(33,'Nighty','J33',10,1,1,NULL,1,NULL,NULL,1,0),
(34,'Nighty','J34',10,1,1,NULL,1,NULL,NULL,1,0),
(35,'Nighty','J35',10,1,1,NULL,1,NULL,NULL,1,0),
(36,'Nighty','J36',10,1,1,NULL,1,NULL,NULL,1,0),
(37,'Nighty','J37',10,1,1,NULL,1,NULL,NULL,1,0),
(38,'Nighty','J38',10,1,1,NULL,1,NULL,NULL,1,0),
(39,'Nighty','J39',10,1,1,NULL,1,NULL,NULL,1,0),
(40,'Nighty','J40',10,1,1,NULL,1,NULL,NULL,1,0),
(41,'Inskirt 6P','J41',11,1,1,NULL,1,NULL,NULL,1,0),
(42,'Inskirt 6P','J42',11,1,1,NULL,1,NULL,NULL,1,0),
(43,'Inskirt 7P','J43',11,1,1,NULL,1,NULL,NULL,1,0),
(44,'Inskirt 7P','J44',11,1,1,NULL,1,NULL,NULL,1,0),
(45,'Inskirt7P','J45',11,1,1,NULL,1,NULL,NULL,1,0),
(46,'Inskirt7P','J46',11,1,1,NULL,1,NULL,NULL,1,0),
(47,'Inskirt7P','J47',11,1,1,NULL,1,NULL,NULL,1,0),
(48,'Inskirt 8P','J48',11,1,1,NULL,1,NULL,NULL,1,0),
(49,'Inskirt 8P','J49',11,1,1,NULL,1,NULL,NULL,1,0),
(50,'Inskirt 8P','J50',11,1,1,NULL,1,NULL,NULL,1,0),
(51,'Inskirt 8P','J51',11,1,1,NULL,1,NULL,NULL,1,0),
(52,'Brazier','J52',11,1,1,NULL,1,NULL,NULL,1,0),
(53,'Brazier','J53',11,1,1,NULL,1,NULL,NULL,1,0),
(54,'Brazier','J54',11,1,1,NULL,1,NULL,NULL,1,0),
(55,'Brazier','J55',11,1,1,NULL,1,NULL,NULL,1,0),
(56,'Brazier','J56',11,1,1,NULL,1,NULL,NULL,1,0),
(57,'Brazier','J57',11,1,1,NULL,1,NULL,NULL,1,0),
(58,'Brazier','J58',11,1,1,NULL,1,NULL,NULL,1,0),
(59,'Brazier','J59',11,1,1,NULL,1,NULL,NULL,1,0),
(60,'Brazier','J60',11,1,1,NULL,1,NULL,NULL,1,0),
(61,'Brazier','J61',11,1,1,NULL,1,NULL,NULL,1,0),
(62,'Brazier','J62',11,1,1,NULL,1,NULL,NULL,1,0),
(63,'Brazier','J63',11,1,1,NULL,1,NULL,NULL,1,0),
(64,'Brazier','J64',11,1,1,NULL,1,NULL,NULL,1,0),
(65,'Brazier','J65',11,1,1,NULL,1,NULL,NULL,1,0),
(66,'Brazier','J66',11,1,1,NULL,1,NULL,NULL,1,0),
(67,'Brazier','J67',11,1,1,NULL,1,NULL,NULL,1,0),
(68,'Brazier','J68',11,1,1,NULL,1,NULL,NULL,1,0),
(69,'Brazier','J69',11,1,1,NULL,1,NULL,NULL,1,0),
(70,'Brazier','J70',11,1,1,NULL,1,NULL,NULL,1,0),
(71,'Brazier','J71',11,1,1,NULL,1,NULL,NULL,1,0),
(72,'Panties','J72',11,1,1,NULL,1,NULL,NULL,1,0),
(73,'Panties','J73',11,1,1,NULL,1,NULL,NULL,1,0),
(74,'Panties','J74',11,1,1,NULL,1,NULL,NULL,1,0),
(75,'Panties','J75',11,1,1,NULL,1,NULL,NULL,1,0),
(76,'Panties','J76',11,1,1,NULL,1,NULL,NULL,1,0),
(77,'Panties','J77',11,1,1,NULL,1,NULL,NULL,1,0),
(78,'Panties','J78',11,1,1,NULL,1,NULL,NULL,1,0),
(79,'Panties','J79',11,1,1,NULL,1,NULL,NULL,1,0),
(80,'Panties','J80',11,1,1,NULL,1,NULL,NULL,1,0),
(81,'Panties','J81',11,1,1,NULL,1,NULL,NULL,1,0),
(82,'Panties','J82',11,1,1,NULL,1,NULL,NULL,1,0),
(83,'Panties','J83',11,1,1,NULL,1,NULL,NULL,1,0),
(84,'Panties','J84',11,1,1,NULL,1,NULL,NULL,1,0),
(85,'Panties','J85',11,1,1,NULL,1,NULL,NULL,1,0),
(86,'Panties','J86',11,1,1,NULL,1,NULL,NULL,1,0),
(87,'Jimmes','J87',11,1,1,NULL,1,NULL,NULL,1,0),
(88,'Jimmes','J88',11,1,1,NULL,1,NULL,NULL,1,0),
(89,'Jimmes','J89',11,1,1,NULL,1,NULL,NULL,1,0),
(90,'Jimmes','J90',11,1,1,NULL,1,NULL,NULL,1,0),
(91,'Jimmes','J91',11,1,1,NULL,1,NULL,NULL,1,0),
(92,'Jimmes','J92',11,1,1,NULL,1,NULL,NULL,1,0),
(93,'Jimmes','J93',11,1,1,NULL,1,NULL,NULL,1,0),
(94,'Jimmes','J94',11,1,1,NULL,1,NULL,NULL,1,0),
(95,'Jimmes','J95',11,1,1,NULL,1,NULL,NULL,1,0),
(96,'Jimmes','J96',11,1,1,NULL,1,NULL,NULL,1,0),
(97,'Night Dress','J97',11,1,1,NULL,1,NULL,NULL,1,0),
(98,'Night Dress','J98',11,1,1,NULL,1,NULL,NULL,1,0),
(99,'Night Dress','J99',11,1,1,NULL,1,NULL,NULL,1,0),
(100,'Night Dress','J100',11,1,1,NULL,1,NULL,NULL,1,0),
(101,'Night Dress','J101',11,1,1,NULL,1,NULL,NULL,1,0),
(102,'Top','J102',11,1,1,NULL,1,NULL,NULL,1,0),
(103,'Top','J103',11,1,1,NULL,1,NULL,NULL,1,0),
(104,'Top','J104',11,1,1,NULL,1,NULL,NULL,1,0),
(105,'Top','J105',11,1,1,NULL,1,NULL,NULL,1,0),
(106,'Top','J106',11,1,1,NULL,1,NULL,NULL,1,0),
(107,'Top','J107',11,1,1,NULL,1,NULL,NULL,1,0),
(108,'Top','J108',11,1,1,NULL,1,NULL,NULL,1,0),
(109,'Top','J109',11,1,1,NULL,1,NULL,NULL,1,0),
(110,'Top','J110',11,1,1,NULL,1,NULL,NULL,1,0),
(111,'Top','J111',11,1,1,NULL,1,NULL,NULL,1,0),
(112,'Top','J112',11,1,1,NULL,1,NULL,NULL,1,0),
(113,'Top','J113',11,1,1,NULL,1,NULL,NULL,1,0),
(114,'Top','J114',11,1,1,NULL,1,NULL,NULL,1,0),
(115,'Top','J115',11,1,1,NULL,1,NULL,NULL,1,0),
(116,'Top','J116',11,1,1,NULL,1,NULL,NULL,1,0),
(117,'Top','J117',11,1,1,NULL,1,NULL,NULL,1,0),
(118,'Top','J118',11,1,1,NULL,1,NULL,NULL,1,0),
(119,'Top','J119',11,1,1,NULL,1,NULL,NULL,1,0),
(120,'Top','J120',11,1,1,NULL,1,NULL,NULL,1,0),
(121,'Top','J121',11,1,1,NULL,1,NULL,NULL,1,0),
(122,'Chudidar','J122',11,1,1,NULL,1,NULL,NULL,1,0),
(123,'Chudidar','J123',11,1,1,NULL,1,NULL,NULL,1,0),
(124,'Chudidar','J124',11,1,1,NULL,1,NULL,NULL,1,0),
(125,'Chudidar','J125',11,1,1,NULL,1,NULL,NULL,1,0),
(126,'Chudidar','J126',11,1,1,NULL,1,NULL,NULL,1,0),
(127,'Chudidar','J127',11,1,1,NULL,1,NULL,NULL,1,0),
(128,'Chudidar','J128',11,1,1,NULL,1,NULL,NULL,1,0),
(129,'Chudidar','J129',11,1,1,NULL,1,NULL,NULL,1,0),
(130,'Chudidar','J130',11,1,1,NULL,1,NULL,NULL,1,0),
(131,'Chudidar','J131',11,1,1,NULL,1,NULL,NULL,1,0),
(132,'Top&Pant','J132',11,1,1,NULL,1,NULL,NULL,1,0),
(133,'Top&Pant','J133',11,1,1,NULL,1,NULL,NULL,1,0),
(134,'Top&Pant','J134',11,1,1,NULL,1,NULL,NULL,1,0),
(135,'Top&Pant','J135',11,1,1,NULL,1,NULL,NULL,1,0),
(136,'Top&Pant','J136',11,1,1,NULL,1,NULL,NULL,1,0),
(137,'Top&Pant','J137',11,1,1,NULL,1,NULL,NULL,1,0),
(138,'Top&Pant','J138',11,1,1,NULL,1,NULL,NULL,1,0),
(139,'Top&Pant','J139',11,1,1,NULL,1,NULL,NULL,1,0),
(140,'Top&Pant','J140',11,1,1,NULL,1,NULL,NULL,1,0),
(141,'Top&Pant','J141',11,1,1,NULL,1,NULL,NULL,1,0),
(142,'Top&Pant','J142',11,1,1,NULL,1,NULL,NULL,1,0),
(143,'Top&Pant','J143',11,1,1,NULL,1,NULL,NULL,1,0),
(144,'Top&Pant','J144',11,1,1,NULL,1,NULL,NULL,1,0),
(145,'Top&Pant','J145',11,1,1,NULL,1,NULL,NULL,1,0),
(146,'Top&Pant','J146',11,1,1,NULL,1,NULL,NULL,1,0),
(147,'Baby Dress','J147',11,1,1,NULL,1,NULL,NULL,1,5),
(148,'Baby Dress','J148',11,1,1,NULL,1,NULL,NULL,1,0),
(149,'Baby Dress','J149',11,1,1,NULL,1,NULL,NULL,1,0),
(150,'Baby Dress','J150',11,1,1,NULL,1,NULL,NULL,1,0),
(151,'Baby Dress','J151',11,1,1,NULL,1,NULL,NULL,1,0),
(152,'Baby Dress','J152',11,1,1,NULL,1,NULL,NULL,1,0),
(153,'Baby Dress','J153',11,1,1,NULL,1,NULL,NULL,1,0),
(154,'Baby Dress','J154',11,1,1,NULL,1,NULL,NULL,1,0),
(155,'Baby Dress','J155',11,1,1,NULL,1,NULL,NULL,1,0),
(156,'Baby Dress','J156',11,1,1,NULL,1,NULL,NULL,1,0),
(157,'Baby Dress','J157',11,1,1,NULL,1,NULL,NULL,1,0),
(158,'Baby Dress','J158',11,1,1,NULL,1,NULL,NULL,1,0),
(159,'Baby Dress','J159',11,1,1,NULL,1,NULL,NULL,1,0),
(160,'Baby Dress','J160',11,1,1,NULL,1,NULL,NULL,1,0),
(161,'Baby Dress','J161',11,1,1,NULL,1,NULL,NULL,1,0),
(162,'Children Dress','J162',11,1,1,NULL,1,NULL,NULL,1,0),
(163,'Children Dress','J163',11,1,1,NULL,1,NULL,NULL,1,0),
(164,'Children Dress','J164',11,1,1,NULL,1,NULL,NULL,1,0),
(165,'Children Dress','J165',11,1,1,NULL,1,NULL,NULL,1,0),
(166,'Children Dress','J166',11,1,1,NULL,1,NULL,NULL,1,0),
(167,'Children Dress','J167',11,1,1,NULL,1,NULL,NULL,1,0),
(168,'Children Dress','J168',11,1,1,NULL,1,NULL,NULL,1,0),
(169,'Children Dress','J169',11,1,1,NULL,1,NULL,NULL,1,0),
(170,'Children Dress','J170',11,1,1,NULL,1,NULL,NULL,1,0),
(171,'Children Dress','J171',11,1,1,NULL,1,NULL,NULL,1,0),
(172,'Children Dress','J172',11,1,1,NULL,1,NULL,NULL,1,0),
(173,'Children Dress','J173',11,1,1,NULL,1,NULL,NULL,1,0),
(174,'Children Dress','J174',11,1,1,NULL,1,NULL,NULL,1,0),
(175,'Children Dress','J175',11,1,1,NULL,1,NULL,NULL,1,0),
(176,'Children Dress','J176',11,1,1,NULL,1,NULL,NULL,1,0),
(177,'Children Dress','J177',11,1,1,NULL,1,NULL,NULL,1,0),
(178,'Children Dress','J178',11,1,1,NULL,1,NULL,NULL,1,0),
(179,'Children Dress','J179',11,1,1,NULL,1,NULL,NULL,1,0),
(180,'Children Dress','J180',11,1,1,NULL,1,NULL,NULL,1,0),
(181,'Children Dress','J181',11,1,1,NULL,1,NULL,NULL,1,0),
(182,'Shawl','J182',11,1,1,NULL,1,NULL,NULL,1,0),
(183,'Shawl','J183',11,1,1,NULL,1,NULL,NULL,1,0),
(184,'Shawl','J184',11,1,1,NULL,1,NULL,NULL,1,0),
(185,'Shawl','J185',11,1,1,NULL,1,NULL,NULL,1,0),
(186,'Shawl','J186',11,1,1,NULL,1,NULL,NULL,1,0),
(187,'Shawl','J187',11,1,1,NULL,1,NULL,NULL,1,0),
(188,'Shawl','J188',11,1,1,NULL,1,NULL,NULL,1,0),
(189,'Shawl','J189',11,1,1,NULL,1,NULL,NULL,1,0),
(190,'Shawl','J190',11,1,1,NULL,1,NULL,NULL,1,0),
(191,'Shawl','J191',11,1,1,NULL,1,NULL,NULL,1,0),
(192,'Casual Dress','J192',11,1,1,NULL,1,NULL,NULL,1,0),
(193,'Casual Dress','J193',11,1,1,NULL,1,NULL,NULL,1,0),
(194,'Casual Dress','J194',11,1,1,NULL,1,NULL,NULL,1,0),
(195,'Casual Dress','J195',11,1,1,NULL,1,NULL,NULL,1,0),
(196,'Casual Dress','J196',11,1,1,NULL,1,NULL,NULL,1,0),
(197,'Casual Dress','J197',11,1,1,NULL,1,NULL,NULL,1,0),
(198,'Casual Dress','J198',11,1,1,NULL,1,NULL,NULL,1,0),
(199,'Casual Dress','J199',11,1,1,NULL,1,NULL,NULL,1,0),
(200,'Casual Dress','J200',11,1,1,NULL,1,NULL,NULL,1,0),
(201,'Casual Dress','J201',11,1,1,NULL,1,NULL,NULL,1,0),
(202,'Casual Dress','J202',11,1,1,NULL,1,NULL,NULL,1,0),
(203,'Casual Dress','J203',11,1,1,NULL,1,NULL,NULL,1,0),
(204,'Casual Dress','J204',11,1,1,NULL,1,NULL,NULL,1,0),
(205,'Casual Dress','J205',11,1,1,NULL,1,NULL,NULL,1,0),
(206,'Casual Dress','J206',11,1,1,NULL,1,NULL,NULL,1,0),
(207,'Leggins','J207',11,1,1,NULL,1,NULL,NULL,1,0),
(208,'Leggins','J208',11,1,1,NULL,1,NULL,NULL,1,0),
(209,'Leggins','J209',11,1,1,NULL,1,NULL,NULL,1,0),
(210,'Leggins','J210',11,1,1,NULL,1,NULL,NULL,1,0),
(211,'Leggins','J211',11,1,1,NULL,1,NULL,NULL,1,0),
(212,'Leggins','J212',11,1,1,NULL,1,NULL,NULL,1,0),
(213,'Leggins','J213',11,1,1,NULL,1,NULL,NULL,1,0),
(214,'Leggins','J214',11,1,1,NULL,1,NULL,NULL,1,0),
(215,'Leggins','J215',11,1,1,NULL,1,NULL,NULL,1,0),
(216,'Leggins','J216',11,1,1,NULL,1,NULL,NULL,1,0),
(217,'Pattiyala','J217',11,1,1,NULL,1,NULL,NULL,1,0),
(218,'Pattiyala','J218',11,1,1,NULL,1,NULL,NULL,1,0),
(219,'Pattiyala','J219',11,1,1,NULL,1,NULL,NULL,1,0),
(220,'Pattiyala','J220',11,1,1,NULL,1,NULL,NULL,1,0),
(221,'Pattiyala','J221',11,1,1,NULL,1,NULL,NULL,1,0),
(222,'Pattiyala','J222',11,1,1,NULL,1,NULL,NULL,1,0),
(223,'Pattiyala','J223',11,1,1,NULL,1,NULL,NULL,1,0),
(224,'Pattiyala','J224',11,1,1,NULL,1,NULL,NULL,1,0),
(225,'Pattiyala','J225',11,1,1,NULL,1,NULL,NULL,1,0),
(226,'Pattiyala','J226',11,1,1,NULL,1,NULL,NULL,1,0),
(227,'Plazo','J227',11,1,1,NULL,1,NULL,NULL,1,0),
(228,'Plazo','J228',11,1,1,NULL,1,NULL,NULL,1,0),
(229,'Plazo','J229',11,1,1,NULL,1,NULL,NULL,1,0),
(230,'Plazo','J230',11,1,1,NULL,1,NULL,NULL,1,0),
(231,'Plazo','J231',11,1,1,NULL,1,NULL,NULL,1,0),
(232,'Casual Pant','J232',11,1,1,NULL,1,NULL,NULL,1,0),
(233,'Casual Pant','J233',11,1,1,NULL,1,NULL,NULL,1,0),
(234,'Casual Pant','J234',11,1,1,NULL,1,NULL,NULL,1,0),
(235,'Casual Pant','J235',11,1,1,NULL,1,NULL,NULL,1,0),
(236,'Casual Pant','J236',11,1,1,NULL,1,NULL,NULL,1,0),
(237,'Hand Karchief','J237',11,1,1,NULL,1,NULL,NULL,1,0),
(238,'Hand Karchief','J238',11,1,1,NULL,1,NULL,NULL,1,0),
(239,'Hand Karchief','J239',11,1,1,NULL,1,NULL,NULL,1,0),
(240,'Hand Karchief','J240',11,1,1,NULL,1,NULL,NULL,1,0),
(241,'Hand Karchief','J241',11,1,1,NULL,1,NULL,NULL,1,0),
(242,'Hand Karchief','J242',11,1,1,NULL,1,NULL,NULL,1,0),
(243,'Hand Karchief','J243',11,1,1,NULL,1,NULL,NULL,1,0),
(244,'Hand Karchief','J244',11,1,1,NULL,1,NULL,NULL,1,0),
(245,'Hand Karchief','J245',11,1,1,NULL,1,NULL,NULL,1,0),
(246,'Hand Karchief','J246',11,1,1,NULL,1,NULL,NULL,1,0),
(247,'Towel','J247',11,1,1,NULL,1,NULL,NULL,1,0),
(248,'Towel','J248',11,1,1,NULL,1,NULL,NULL,1,0),
(249,'Towel','J249',11,1,1,NULL,1,NULL,NULL,1,0),
(250,'Towel','J250',11,1,1,NULL,1,NULL,NULL,1,0),
(251,'Towel','J251',11,1,1,NULL,1,NULL,NULL,1,0),
(252,'Towel','J252',11,1,1,NULL,1,NULL,NULL,1,0),
(253,'Towel','J253',11,1,1,NULL,1,NULL,NULL,1,0),
(254,'Towel','J254',11,1,1,NULL,1,NULL,NULL,1,0),
(255,'Towel','J255',11,1,1,NULL,1,NULL,NULL,1,0),
(256,'Towel','J256',11,1,1,NULL,1,NULL,NULL,1,0),
(257,'Towel','J257',11,1,1,NULL,1,NULL,NULL,1,0),
(258,'Lungies','J258',11,1,1,NULL,1,NULL,NULL,1,0),
(259,'Lungies','J259',11,1,1,NULL,1,NULL,NULL,1,0),
(260,'Lungies','J260',11,1,1,NULL,1,NULL,NULL,1,0),
(261,'Lungies','J261',11,1,1,NULL,1,NULL,NULL,1,0),
(262,'Lungies','J262',11,1,1,NULL,1,NULL,NULL,1,0),
(263,'Lungies','J263',11,1,1,NULL,1,NULL,NULL,1,0),
(264,'Lungies','J264',11,1,1,NULL,1,NULL,NULL,1,0),
(265,'Lungies','J265',11,1,1,NULL,1,NULL,NULL,1,0),
(266,'Lungies','J266',11,1,1,NULL,1,NULL,NULL,1,0),
(267,'Dhoties','J267',11,1,1,NULL,1,NULL,NULL,1,0),
(268,'Dhoties','J268',11,1,1,NULL,1,NULL,NULL,1,0),
(269,'Dhoties','J269',11,1,1,NULL,1,NULL,NULL,1,0),
(270,'Dhoties','J270',11,1,1,NULL,1,NULL,NULL,1,0),
(271,'Dhoties','J271',11,1,1,NULL,1,NULL,NULL,1,0),
(296,'Frames 4*4','101',13,1,1,NULL,1,'2026-02-17','10:19:14',1,0),
(297,'Biscuits','102',14,1,1,6765,1,'2026-02-18','12:16:05',1,5),
(298,'egg','123',14,1,1,NULL,1,'2026-02-18','12:27:13',1,0),
(299,'aaaa','1111',16,3,2,1111,1,'2026-02-19','12:12:28',1,12),
(300,'lining 1m','q1',1,1,1,NULL,1,'2026-02-21','13:45:09',1,0),
(301,'ssssssssssss','J272',1,1,1,NULL,1,'2026-02-26','15:39:53',1,0),
(302,'00000','J31',2,1,1,22,1,'2026-02-26','16:31:28',1,0),
(303,'jaswa','103',15,1,1,121212,1,'2026-02-27','16:31:24',1,5),
(304,'sarvo oil','234',11,1,1,456776,1,'2026-03-03','09:50:54',1,0),
(305,'sarvo oils','21',1,1,1,NULL,1,'2026-03-03','10:31:23',1,0),
(306,'Shirt','101',6,1,1,NULL,1,'2026-03-05','17:37:17',1,5),
(307,'Grilled chicken','R101',18,1,1,NULL,1,'2026-03-11','10:47:29',1,0),
(308,'Mouse','M101',11,1,1,101010,1,'2026-03-14','15:46:27',1,12);

/*Table structure for table `prod_product_components` */

DROP TABLE IF EXISTS `prod_product_components`;

CREATE TABLE `prod_product_components` (
  `id` int NOT NULL AUTO_INCREMENT,
  `product_id` int NOT NULL COMMENT 'Main product ID',
  `component_product_id` int NOT NULL COMMENT 'Component product ID',
  `quantity` decimal(10,2) DEFAULT '1.00' COMMENT 'Quantity needed',
  `created_date` datetime DEFAULT CURRENT_TIMESTAMP,
  `created_by` int DEFAULT NULL,
  PRIMARY KEY (`id`),
  KEY `prod` (`product_id`),
  KEY `compo` (`component_product_id`)
) ENGINE=InnoDB DEFAULT CHARSET=utf8mb4 COLLATE=utf8mb4_0900_ai_ci;

/*Data for the table `prod_product_components` */

/*Table structure for table `prod_purchase` */

DROP TABLE IF EXISTS `prod_purchase`;

CREATE TABLE `prod_purchase` (
  `id` bigint unsigned NOT NULL AUTO_INCREMENT,
  `prno` varchar(25) NOT NULL DEFAULT '',
  `invno` varchar(255) DEFAULT '',
  `invdate` date DEFAULT NULL,
  `total` double(10,2) NOT NULL DEFAULT '0.00',
  `paid` double(10,2) NOT NULL DEFAULT '0.00',
  `balance` double(10,2) DEFAULT '0.00',
  `discount` double(10,2) DEFAULT '0.00',
  `net` double NOT NULL DEFAULT '0',
  `ent_date` date NOT NULL DEFAULT '0001-01-01',
  `ent_time` time NOT NULL DEFAULT '00:00:00',
  `ent_uid` int unsigned NOT NULL DEFAULT '0',
  `ispending` tinyint unsigned DEFAULT '0',
  `pay_type` int unsigned NOT NULL DEFAULT '0',
  `bank_id` int unsigned NOT NULL DEFAULT '0',
  `deal_id` int unsigned DEFAULT '0',
  `remark` varchar(100) NOT NULL DEFAULT '0',
  `is_cancelled` tinyint(1) NOT NULL DEFAULT '0',
  `cancel_date` date DEFAULT '0001-01-01',
  `cancel_time` time DEFAULT '00:00:00',
  `cancel_uid` varchar(10) DEFAULT '0',
  `is_po` tinyint DEFAULT '0',
  `po_status` tinyint DEFAULT '1',
  `pr_id` int DEFAULT NULL,
  `grn_id` int DEFAULT '0',
  `expected_date` date DEFAULT NULL,
  `po_notes` text,
  `offer` text,
  `offer_date` date DEFAULT NULL,
  `lr_no` varchar(255) DEFAULT NULL,
  `lr_date` date DEFAULT NULL,
  `lr_name` varchar(255) DEFAULT NULL,
  PRIMARY KEY (`id`),
  KEY `prno` (`prno`),
  KEY `dealer` (`deal_id`),
  KEY `grnid` (`grn_id`),
  KEY `status` (`po_status`)
) ENGINE=InnoDB AUTO_INCREMENT=4 DEFAULT CHARSET=latin1;

/*Data for the table `prod_purchase` */

insert  into `prod_purchase`(`id`,`prno`,`invno`,`invdate`,`total`,`paid`,`balance`,`discount`,`net`,`ent_date`,`ent_time`,`ent_uid`,`ispending`,`pay_type`,`bank_id`,`deal_id`,`remark`,`is_cancelled`,`cancel_date`,`cancel_time`,`cancel_uid`,`is_po`,`po_status`,`pr_id`,`grn_id`,`expected_date`,`po_notes`,`offer`,`offer_date`,`lr_no`,`lr_date`,`lr_name`) values 
(1,'PR1','sss','2026-02-19',13.44,0.00,13.44,0.00,13.44,'2026-02-19','12:21:10',1,0,1,0,1,'0',0,'0001-01-01','00:00:00','0',0,1,NULL,0,NULL,NULL,NULL,NULL,NULL,NULL,NULL),
(2,'PR2','ghff','2026-03-03',250.00,100.00,150.00,0.00,250,'2026-03-03','10:11:11',1,0,1,0,1,'0',0,'0001-01-01','00:00:00','0',0,1,NULL,0,NULL,NULL,NULL,NULL,NULL,NULL,NULL),
(3,'PR3','zz','2026-03-03',260.00,0.00,260.00,0.00,260,'2026-03-03','10:33:34',1,0,1,0,1,'0',0,'0001-01-01','00:00:00','0',0,1,NULL,0,NULL,NULL,NULL,NULL,NULL,NULL,NULL);

/*Table structure for table `prod_purchase_counter` */

DROP TABLE IF EXISTS `prod_purchase_counter`;

CREATE TABLE `prod_purchase_counter` (
  `id` int NOT NULL,
  `last_pr_no` int DEFAULT '0',
  PRIMARY KEY (`id`)
) ENGINE=InnoDB DEFAULT CHARSET=utf8mb4 COLLATE=utf8mb4_0900_ai_ci;

/*Data for the table `prod_purchase_counter` */

/*Table structure for table `prod_purchase_details` */

DROP TABLE IF EXISTS `prod_purchase_details`;

CREATE TABLE `prod_purchase_details` (
  `id` bigint unsigned NOT NULL AUTO_INCREMENT,
  `prid` int unsigned DEFAULT '0',
  `prods_id` int DEFAULT '0',
  `pack` int DEFAULT '0',
  `qtypack` decimal(10,2) DEFAULT '0.00',
  `quantity` decimal(10,2) unsigned DEFAULT '0.00',
  `free` int unsigned DEFAULT '0',
  `rate` double(10,3) DEFAULT '0.000',
  `mrp` double(10,3) DEFAULT '0.000',
  `totalamt` double(10,3) DEFAULT '0.000',
  `tax` double(10,2) NOT NULL DEFAULT '0.00',
  `tax_amt` double(10,3) DEFAULT '0.000',
  `mrp_vat_amt` double(10,2) DEFAULT '0.00',
  `disc_per` double(10,2) DEFAULT '0.00',
  `disc` double(10,3) DEFAULT '0.000',
  `netamt` double(10,3) DEFAULT '0.000',
  `isinvoicereceived` int unsigned NOT NULL DEFAULT '0',
  `hsn_code` varchar(20) NOT NULL DEFAULT '0',
  `sgst_per` double(10,2) NOT NULL DEFAULT '0.00',
  `cgst_per` double(10,2) NOT NULL DEFAULT '0.00',
  `igst_per` double(10,2) NOT NULL DEFAULT '0.00',
  `sgst_amt` double(10,2) NOT NULL DEFAULT '0.00',
  `cgst_amt` double(10,2) NOT NULL DEFAULT '0.00',
  `igst_amt` double(10,2) NOT NULL DEFAULT '0.00',
  `unitrate` double(10,3) DEFAULT '0.000',
  `unitmrp` double(10,3) DEFAULT '0.000',
  `ordered_qty` int DEFAULT '0',
  `received_qty` int DEFAULT '0',
  `pending_qty` int DEFAULT '0',
  `is_fully_received` tinyint DEFAULT '0',
  PRIMARY KEY (`id`),
  KEY `prid` (`prid`),
  KEY `prod` (`prods_id`),
  KEY `fullyreceive` (`is_fully_received`)
) ENGINE=InnoDB AUTO_INCREMENT=4 DEFAULT CHARSET=latin1;

/*Data for the table `prod_purchase_details` */

insert  into `prod_purchase_details`(`id`,`prid`,`prods_id`,`pack`,`qtypack`,`quantity`,`free`,`rate`,`mrp`,`totalamt`,`tax`,`tax_amt`,`mrp_vat_amt`,`disc_per`,`disc`,`netamt`,`isinvoicereceived`,`hsn_code`,`sgst_per`,`cgst_per`,`igst_per`,`sgst_amt`,`cgst_amt`,`igst_amt`,`unitrate`,`unitmrp`,`ordered_qty`,`received_qty`,`pending_qty`,`is_fully_received`) values 
(1,1,299,1,1.00,1.00,0,12.000,15.000,12.000,12.00,1.440,0.00,0.00,0.000,13.440,1,'0',6.00,6.00,0.00,0.72,0.72,0.00,12.000,15.000,0,0,0,0),
(2,2,304,1,1.00,1.00,0,250.000,350.000,250.000,0.00,0.000,0.00,0.00,0.000,250.000,1,'0',0.00,0.00,0.00,0.00,0.00,0.00,250.000,350.000,0,0,0,0),
(3,3,305,1,10.00,10.00,0,26.000,28.000,260.000,0.00,0.000,0.00,0.00,0.000,260.000,1,'0',0.00,0.00,0.00,0.00,0.00,0.00,2.600,2.800,0,0,0,0);

/*Table structure for table `prod_purchase_entry_details_link` */

DROP TABLE IF EXISTS `prod_purchase_entry_details_link`;

CREATE TABLE `prod_purchase_entry_details_link` (
  `id` int NOT NULL AUTO_INCREMENT,
  `link_id` int NOT NULL,
  `po_detail_id` bigint unsigned NOT NULL,
  `pe_detail_id` bigint unsigned NOT NULL,
  `quantity_received` int NOT NULL,
  PRIMARY KEY (`id`)
) ENGINE=InnoDB DEFAULT CHARSET=utf8mb4 COLLATE=utf8mb4_0900_ai_ci;

/*Data for the table `prod_purchase_entry_details_link` */

/*Table structure for table `prod_purchase_entry_link` */

DROP TABLE IF EXISTS `prod_purchase_entry_link`;

CREATE TABLE `prod_purchase_entry_link` (
  `id` int NOT NULL AUTO_INCREMENT,
  `po_id` bigint unsigned NOT NULL,
  `pe_id` bigint unsigned NOT NULL,
  `receipt_no` varchar(50) DEFAULT NULL,
  `receipt_date` date DEFAULT NULL,
  `received_by` int DEFAULT NULL,
  `notes` text,
  `created_date` date NOT NULL,
  `created_time` time NOT NULL,
  `uid` int NOT NULL,
  PRIMARY KEY (`id`)
) ENGINE=InnoDB DEFAULT CHARSET=utf8mb4 COLLATE=utf8mb4_0900_ai_ci;

/*Data for the table `prod_purchase_entry_link` */

/*Table structure for table `prod_purchase_order_counter` */

DROP TABLE IF EXISTS `prod_purchase_order_counter`;

CREATE TABLE `prod_purchase_order_counter` (
  `id` int NOT NULL DEFAULT '1',
  `last_po_no` int DEFAULT '0',
  PRIMARY KEY (`id`)
) ENGINE=InnoDB DEFAULT CHARSET=utf8mb4 COLLATE=utf8mb4_0900_ai_ci;

/*Data for the table `prod_purchase_order_counter` */

/*Table structure for table `prod_purchase_request` */

DROP TABLE IF EXISTS `prod_purchase_request`;

CREATE TABLE `prod_purchase_request` (
  `id` int NOT NULL AUTO_INCREMENT,
  `req_no` varchar(50) NOT NULL COMMENT 'REQ1, REQ2, REQ3...',
  `req_date` date NOT NULL,
  `req_time` time NOT NULL,
  `deal_id` int DEFAULT NULL COMMENT 'Supplier ID - can be null for TBD supplier',
  `total` decimal(15,2) DEFAULT '0.00' COMMENT 'Total request amount',
  `pr_status` tinyint DEFAULT '1' COMMENT '1=Draft, 2=Submitted, 3=Approved, 4=Rejected, 5=Converted to PO',
  `notes` text COMMENT 'Request notes/justification',
  `requested_by` int NOT NULL COMMENT 'User ID who created the request',
  `approver_id` int DEFAULT NULL COMMENT 'User ID who approved/rejected - for future multi-level approval',
  `approved_date` date DEFAULT NULL COMMENT 'Approval date',
  `approved_time` time DEFAULT NULL COMMENT 'Approval time',
  `approval_notes` text COMMENT 'Approval/rejection notes',
  `po_id` int DEFAULT NULL COMMENT 'Link to PO if converted',
  `is_cancelled` tinyint DEFAULT '0' COMMENT '0=Active, 1=Cancelled',
  `ent_date` date NOT NULL,
  `ent_time` time NOT NULL,
  `ent_uid` int NOT NULL COMMENT 'Entry user ID',
  PRIMARY KEY (`id`),
  UNIQUE KEY `req_no` (`req_no`),
  KEY `deal` (`deal_id`),
  KEY `status` (`pr_status`),
  KEY `po` (`po_id`)
) ENGINE=InnoDB DEFAULT CHARSET=utf8mb4 COLLATE=utf8mb4_0900_ai_ci COMMENT='Purchase Request Header';

/*Data for the table `prod_purchase_request` */

/*Table structure for table `prod_purchase_request_counter` */

DROP TABLE IF EXISTS `prod_purchase_request_counter`;

CREATE TABLE `prod_purchase_request_counter` (
  `id` int NOT NULL DEFAULT '1',
  `last_req_no` int DEFAULT '0',
  PRIMARY KEY (`id`)
) ENGINE=InnoDB DEFAULT CHARSET=utf8mb4 COLLATE=utf8mb4_0900_ai_ci;

/*Data for the table `prod_purchase_request_counter` */

/*Table structure for table `prod_purchase_request_details` */

DROP TABLE IF EXISTS `prod_purchase_request_details`;

CREATE TABLE `prod_purchase_request_details` (
  `id` int NOT NULL AUTO_INCREMENT,
  `pr_id` int NOT NULL COMMENT 'Foreign key to prod_purchase_request',
  `prods_id` int NOT NULL COMMENT 'Product ID',
  `pack` int DEFAULT '1' COMMENT 'Number of packs',
  `qtypack` int DEFAULT '1' COMMENT 'Quantity per pack',
  `quantity` int NOT NULL COMMENT 'Total quantity requested',
  `free` int DEFAULT '0' COMMENT 'Free quantity expected',
  `rate` decimal(15,2) DEFAULT '0.00' COMMENT 'Expected cost per unit',
  `mrp` decimal(15,2) DEFAULT '0.00' COMMENT 'Expected MRP',
  `total` decimal(15,2) DEFAULT '0.00' COMMENT 'Line total',
  `tax` decimal(5,2) DEFAULT '0.00' COMMENT 'Tax percentage',
  `tax_amt` decimal(15,2) DEFAULT '0.00' COMMENT 'Tax amount',
  `disc_per` decimal(5,2) DEFAULT '0.00' COMMENT 'Discount percentage',
  `disc_amt` decimal(15,2) DEFAULT '0.00' COMMENT 'Discount amount',
  `net` decimal(15,2) DEFAULT '0.00' COMMENT 'Net amount',
  `notes` text COMMENT 'Item notes',
  PRIMARY KEY (`id`),
  KEY `idx_pr_id` (`pr_id`),
  KEY `idx_prods_id` (`prods_id`)
) ENGINE=InnoDB DEFAULT CHARSET=utf8mb4 COLLATE=utf8mb4_0900_ai_ci COMMENT='Purchase Request Line Items';

/*Data for the table `prod_purchase_request_details` */

/*Table structure for table `prod_purchase_supplier_payment` */

DROP TABLE IF EXISTS `prod_purchase_supplier_payment`;

CREATE TABLE `prod_purchase_supplier_payment` (
  `id` int unsigned NOT NULL AUTO_INCREMENT,
  `prid` int NOT NULL,
  `deal_id` int NOT NULL,
  `total` double(10,2) DEFAULT NULL,
  `paid` double(10,2) DEFAULT NULL,
  `balance` double(10,2) DEFAULT NULL,
  `is_active` int DEFAULT NULL,
  PRIMARY KEY (`id`),
  KEY `prid` (`prid`),
  KEY `deal` (`deal_id`)
) ENGINE=InnoDB AUTO_INCREMENT=4 DEFAULT CHARSET=latin1;

/*Data for the table `prod_purchase_supplier_payment` */

insert  into `prod_purchase_supplier_payment`(`id`,`prid`,`deal_id`,`total`,`paid`,`balance`,`is_active`) values 
(1,1,1,13.44,0.00,13.44,1),
(2,2,1,250.00,100.00,150.00,1),
(3,3,1,260.00,0.00,260.00,1);

/*Table structure for table `prod_purchase_supplier_payment_details` */

DROP TABLE IF EXISTS `prod_purchase_supplier_payment_details`;

CREATE TABLE `prod_purchase_supplier_payment_details` (
  `id` int unsigned NOT NULL AUTO_INCREMENT,
  `supPayId` int NOT NULL,
  `payable` double(10,2) DEFAULT NULL,
  `paid` double(10,2) DEFAULT NULL,
  `balance` double(10,2) DEFAULT NULL,
  `pay_type` int DEFAULT NULL,
  `pay_mode` int DEFAULT '0',
  `uid` int DEFAULT NULL,
  `notes` text,
  `date` date DEFAULT NULL,
  `time` time DEFAULT NULL,
  PRIMARY KEY (`id`),
  KEY `payId` (`supPayId`)
) ENGINE=InnoDB AUTO_INCREMENT=4 DEFAULT CHARSET=latin1;

/*Data for the table `prod_purchase_supplier_payment_details` */

insert  into `prod_purchase_supplier_payment_details`(`id`,`supPayId`,`payable`,`paid`,`balance`,`pay_type`,`pay_mode`,`uid`,`notes`,`date`,`time`) values 
(1,1,13.44,0.00,13.44,1,0,1,'Payment for Purchase Bill','2026-02-19','12:21:10'),
(2,2,250.00,100.00,150.00,1,0,1,'Payment for Purchase Bill','2026-03-03','10:11:11'),
(3,3,260.00,0.00,260.00,1,0,1,'Payment for Purchase Bill','2026-03-03','10:33:34');

/*Table structure for table `prod_quotation` */

DROP TABLE IF EXISTS `prod_quotation`;

CREATE TABLE `prod_quotation` (
  `id` int unsigned NOT NULL AUTO_INCREMENT,
  `bill_display` varchar(255) NOT NULL,
  `total` double(10,3) DEFAULT '0.000',
  `prodDisc` double(10,3) DEFAULT '0.000',
  `extraDisc` double(10,3) DEFAULT '0.000',
  `payable` double(10,3) DEFAULT '0.000',
  `is_billed` int DEFAULT '0',
  `is_cancelled` int DEFAULT '0',
  `cusName` varchar(255) DEFAULT NULL,
  `cusPhn` varchar(255) DEFAULT NULL,
  `customerId` int DEFAULT NULL,
  `date` date DEFAULT NULL,
  `time` time DEFAULT NULL,
  `uid` int DEFAULT NULL,
  PRIMARY KEY (`id`)
) ENGINE=InnoDB AUTO_INCREMENT=15 DEFAULT CHARSET=utf8mb4 COLLATE=utf8mb4_0900_ai_ci;

/*Data for the table `prod_quotation` */

insert  into `prod_quotation`(`id`,`bill_display`,`total`,`prodDisc`,`extraDisc`,`payable`,`is_billed`,`is_cancelled`,`cusName`,`cusPhn`,`customerId`,`date`,`time`,`uid`) values 
(1,'Q26-1',840.000,0.000,0.000,840.000,0,0,'Walk-in Customer',NULL,4,'2026-02-27','16:09:30',1),
(2,'Q26-2',400.000,0.000,0.000,400.000,0,0,'Walk-in Customer',NULL,4,'2026-02-27','16:10:01',1),
(3,'Q26-3',420.000,0.000,0.000,420.000,0,0,'jaswa',NULL,1,'2026-02-27','16:10:41',1),
(4,'Q26-4',400.000,0.000,0.000,400.000,0,0,'Walk-in Customer',NULL,4,'2026-02-27','16:13:50',1),
(5,'Q26-5',490.000,6.000,4.000,480.000,0,0,'Walk-in Customer','',4,'2026-02-27','16:15:48',1),
(6,'Q26-6',820.000,0.000,0.000,820.000,0,1,'Walk-in Customer','',4,'2026-02-27','16:21:06',1),
(7,'Q26-7',420.000,0.000,0.000,420.000,0,0,'jaswa','9898989898',1,'2026-02-27','16:23:04',1),
(8,'Q26-8',40.000,4.000,6.000,30.000,1,0,'Walk-in Customer','',4,'2026-02-27','16:31:49',1),
(9,'Q26-9',20.000,0.000,0.000,20.000,0,0,'Walk-in Customer','',4,'2026-02-27','16:35:01',1),
(10,'Q26-10',200.000,0.000,0.000,200.000,0,0,'jaswa','9898989898',1,'2026-02-27','16:40:47',1),
(11,'Q26-11',10.000,0.000,0.000,10.000,0,0,'Walk-in Customer','',4,'2026-02-27','16:41:17',1),
(12,'Q26-12',12.000,1.000,1.000,10.000,1,0,'jaswa','9898989898',1,'2026-02-27','16:42:02',1),
(13,'Q26-13',350.000,0.000,0.000,350.000,1,0,'Walk-in Customer','',4,'2026-03-03','10:22:36',1),
(14,'Q26-14',26.000,0.000,0.000,26.000,1,0,'Walk-in Customer','',4,'2026-03-03','10:31:52',1);

/*Table structure for table `prod_quotation_details` */

DROP TABLE IF EXISTS `prod_quotation_details`;

CREATE TABLE `prod_quotation_details` (
  `id` int unsigned NOT NULL AUTO_INCREMENT,
  `quot_id` int NOT NULL,
  `prod_id` int NOT NULL,
  `qty` decimal(10,2) NOT NULL,
  `price` double(10,3) NOT NULL,
  `disc` double(10,3) DEFAULT NULL,
  `total` double(10,3) DEFAULT NULL,
  `gst` int DEFAULT NULL,
  `is_cancelled` int DEFAULT NULL,
  PRIMARY KEY (`id`)
) ENGINE=InnoDB AUTO_INCREMENT=20 DEFAULT CHARSET=utf8mb4 COLLATE=utf8mb4_0900_ai_ci;

/*Data for the table `prod_quotation_details` */

insert  into `prod_quotation_details`(`id`,`quot_id`,`prod_id`,`qty`,`price`,`disc`,`total`,`gst`,`is_cancelled`) values 
(1,1,296,2.00,400.000,0.000,800.000,0,0),
(2,1,297,2.00,20.000,0.000,40.000,5,0),
(3,2,296,1.00,400.000,0.000,400.000,0,0),
(4,3,296,1.00,400.000,0.000,400.000,0,0),
(5,3,297,1.00,20.000,0.000,20.000,5,0),
(6,4,296,1.00,400.000,0.000,400.000,0,0),
(7,5,296,1.00,400.000,0.000,400.000,0,0),
(8,5,297,3.00,30.000,6.000,84.000,5,0),
(9,6,296,2.00,400.000,0.000,800.000,0,0),
(10,6,297,1.00,20.000,0.000,20.000,5,0),
(11,7,296,1.00,400.000,0.000,400.000,0,0),
(12,7,297,1.00,20.000,0.000,20.000,5,0),
(13,8,303,2.00,20.000,4.000,36.000,5,0),
(14,9,303,1.00,20.000,0.000,20.000,5,0),
(15,10,296,1.00,200.000,0.000,200.000,0,0),
(16,11,303,1.00,10.000,0.000,10.000,5,0),
(17,12,303,1.00,12.000,1.000,11.000,5,0),
(18,13,304,1.00,350.000,0.000,350.000,0,0),
(19,14,305,1.00,26.000,0.000,26.000,0,0);

/*Table structure for table `prod_stock_adjustment` */

DROP TABLE IF EXISTS `prod_stock_adjustment`;

CREATE TABLE `prod_stock_adjustment` (
  `id` int unsigned NOT NULL AUTO_INCREMENT,
  `product_id` int NOT NULL,
  `batch_id` int NOT NULL,
  `stockType` int NOT NULL COMMENT '1=add 2=minus',
  `stock` decimal(10,2) NOT NULL,
  `date` date DEFAULT NULL,
  `time` time DEFAULT NULL,
  `notes` text,
  `uid` int NOT NULL,
  PRIMARY KEY (`id`),
  KEY `prod` (`product_id`),
  KEY `batch` (`batch_id`),
  KEY `stock` (`stockType`)
) ENGINE=InnoDB AUTO_INCREMENT=4 DEFAULT CHARSET=latin1;

/*Data for the table `prod_stock_adjustment` */

insert  into `prod_stock_adjustment`(`id`,`product_id`,`batch_id`,`stockType`,`stock`,`date`,`time`,`notes`,`uid`) values 
(1,296,296,1,15.00,'2026-02-17','10:19:36','Adding Stock - a',1),
(2,299,299,1,1.00,'2026-02-19','12:19:24','Adding Stock - a',1),
(3,306,306,1,100.00,'2026-03-05','17:45:28','Adding Stock - zdfsffsdf',1);

/*Table structure for table `prod_stock_totals` */

DROP TABLE IF EXISTS `prod_stock_totals`;

CREATE TABLE `prod_stock_totals` (
  `id` int unsigned NOT NULL AUTO_INCREMENT,
  `prods_id` int unsigned NOT NULL DEFAULT '0',
  `stock` decimal(10,2) unsigned NOT NULL DEFAULT '0.00',
  `rack` char(1) NOT NULL DEFAULT '',
  `shelf` int NOT NULL DEFAULT '0',
  `userlog` text,
  `extra1` tinyint unsigned DEFAULT '0',
  `extra2` tinyint unsigned DEFAULT '0',
  PRIMARY KEY (`id`),
  KEY `store_id_index` (`prods_id`),
  KEY `stock` (`stock`)
) ENGINE=InnoDB AUTO_INCREMENT=4 DEFAULT CHARSET=latin1;

/*Data for the table `prod_stock_totals` */

insert  into `prod_stock_totals`(`id`,`prods_id`,`stock`,`rack`,`shelf`,`userlog`,`extra1`,`extra2`) values 
(1,299,1.00,'',0,'While Stock Added Through Purchase Entry',0,0),
(2,304,1.00,'',0,'While Stock Added Through Purchase Entry',0,0),
(3,305,10.00,'',0,'While Stock Added Through Purchase Entry',0,0);

/*Table structure for table `prod_supplier` */

DROP TABLE IF EXISTS `prod_supplier`;

CREATE TABLE `prod_supplier` (
  `id` int unsigned NOT NULL AUTO_INCREMENT,
  `name` varchar(255) NOT NULL,
  `phone_number` varchar(255) DEFAULT NULL,
  `description` varchar(255) DEFAULT NULL,
  `date` date DEFAULT NULL,
  `time` time DEFAULT NULL,
  `is_active` int DEFAULT '1',
  `gstin` varchar(255) DEFAULT NULL,
  `is_gst` int DEFAULT '0',
  PRIMARY KEY (`id`)
) ENGINE=InnoDB AUTO_INCREMENT=2 DEFAULT CHARSET=latin1;

/*Data for the table `prod_supplier` */

insert  into `prod_supplier`(`id`,`name`,`phone_number`,`description`,`date`,`time`,`is_active`,`gstin`,`is_gst`) values 
(1,'Grocery supplier','','-ssss','2026-02-19','12:20:52',1,NULL,0);

/*Table structure for table `prod_supplier_cheque_allocation` */

DROP TABLE IF EXISTS `prod_supplier_cheque_allocation`;

CREATE TABLE `prod_supplier_cheque_allocation` (
  `id` int NOT NULL AUTO_INCREMENT,
  `cheque_id` int NOT NULL,
  `purchase_id` int NOT NULL,
  `allocated_amount` decimal(10,2) NOT NULL,
  `allocated_date` date NOT NULL,
  `allocated_time` time NOT NULL,
  `allocated_uid` int NOT NULL,
  `due_date` date DEFAULT NULL,
  `credit_days` int DEFAULT '10',
  `status` varchar(20) NOT NULL DEFAULT 'ALLOCATED',
  `cleared_date` date DEFAULT NULL,
  `cleared_time` time DEFAULT NULL,
  `cleared_uid` int DEFAULT NULL,
  `is_reversed` tinyint(1) DEFAULT '0',
  `reversed_date` date DEFAULT NULL,
  `reversed_time` time DEFAULT NULL,
  `reversed_uid` int DEFAULT NULL,
  `is_active` tinyint(1) DEFAULT '1',
  PRIMARY KEY (`id`),
  KEY `idx_cheque` (`cheque_id`),
  KEY `idx_purchase` (`purchase_id`),
  KEY `idx_status` (`status`),
  KEY `idx_active` (`is_active`)
) ENGINE=InnoDB DEFAULT CHARSET=utf8mb4 COLLATE=utf8mb4_0900_ai_ci;

/*Data for the table `prod_supplier_cheque_allocation` */

/*Table structure for table `prod_supplier_cheque_events` */

DROP TABLE IF EXISTS `prod_supplier_cheque_events`;

CREATE TABLE `prod_supplier_cheque_events` (
  `id` int NOT NULL AUTO_INCREMENT,
  `cheque_id` int NOT NULL,
  `event_type` varchar(20) NOT NULL,
  `event_date` date NOT NULL,
  `event_time` time NOT NULL,
  `event_uid` int NOT NULL,
  `reason` text,
  PRIMARY KEY (`id`),
  KEY `idx_cheque` (`cheque_id`),
  KEY `idx_event_type` (`event_type`)
) ENGINE=InnoDB DEFAULT CHARSET=utf8mb4 COLLATE=utf8mb4_0900_ai_ci;

/*Data for the table `prod_supplier_cheque_events` */

/*Table structure for table `prod_supplier_cheque_stock` */

DROP TABLE IF EXISTS `prod_supplier_cheque_stock`;

CREATE TABLE `prod_supplier_cheque_stock` (
  `id` int NOT NULL AUTO_INCREMENT,
  `supplier_id` int NOT NULL,
  `cheque_number` varchar(255) NOT NULL,
  `bank_name` text,
  `entry_date` date NOT NULL,
  `entry_time` time NOT NULL,
  `entry_uid` int NOT NULL,
  `status` varchar(20) NOT NULL DEFAULT 'AVAILABLE',
  `is_active` tinyint(1) DEFAULT '1',
  PRIMARY KEY (`id`),
  KEY `idx_supplier` (`supplier_id`),
  KEY `idx_status` (`status`),
  KEY `idx_active` (`is_active`)
) ENGINE=InnoDB DEFAULT CHARSET=utf8mb4 COLLATE=utf8mb4_0900_ai_ci;

/*Data for the table `prod_supplier_cheque_stock` */

/*Table structure for table `prod_units` */

DROP TABLE IF EXISTS `prod_units`;

CREATE TABLE `prod_units` (
  `id` int unsigned NOT NULL AUTO_INCREMENT,
  `name` varchar(255) DEFAULT NULL,
  `convertion_unit` varchar(255) DEFAULT NULL,
  `convertion_calculation` decimal(10,2) DEFAULT NULL,
  `is_active` int DEFAULT '1',
  PRIMARY KEY (`id`)
) ENGINE=InnoDB AUTO_INCREMENT=6 DEFAULT CHARSET=utf8mb4 COLLATE=utf8mb4_0900_ai_ci;

/*Data for the table `prod_units` */

insert  into `prod_units`(`id`,`name`,`convertion_unit`,`convertion_calculation`,`is_active`) values 
(1,'NOS',NULL,NULL,1),
(2,'Gram',NULL,NULL,1),
(3,'KG',NULL,NULL,1),
(4,'Meter',NULL,NULL,1),
(5,'length','Feet',20.00,1);

/*Table structure for table `sales_area` */

DROP TABLE IF EXISTS `sales_area`;

CREATE TABLE `sales_area` (
  `id` int unsigned NOT NULL AUTO_INCREMENT,
  `name` varchar(255) NOT NULL,
  `is_active` int DEFAULT NULL,
  `created_date` datetime DEFAULT NULL,
  PRIMARY KEY (`id`)
) ENGINE=InnoDB DEFAULT CHARSET=utf8mb4 COLLATE=utf8mb4_0900_ai_ci;

/*Data for the table `sales_area` */

/*Table structure for table `sales_man` */

DROP TABLE IF EXISTS `sales_man`;

CREATE TABLE `sales_man` (
  `id` int unsigned NOT NULL AUTO_INCREMENT,
  `name` varchar(255) NOT NULL,
  `is_active` int DEFAULT '1',
  `created_date` datetime DEFAULT NULL,
  PRIMARY KEY (`id`)
) ENGINE=InnoDB DEFAULT CHARSET=utf8mb4 COLLATE=utf8mb4_0900_ai_ci;

/*Data for the table `sales_man` */

/*Table structure for table `special_permission` */

DROP TABLE IF EXISTS `special_permission`;

CREATE TABLE `special_permission` (
  `id` int unsigned NOT NULL AUTO_INCREMENT,
  `content` varchar(255) NOT NULL,
  PRIMARY KEY (`id`)
) ENGINE=InnoDB AUTO_INCREMENT=2 DEFAULT CHARSET=utf8mb4 COLLATE=utf8mb4_0900_ai_ci;

/*Data for the table `special_permission` */

insert  into `special_permission`(`id`,`content`) values 
(1,'allow to Zero stock billing ');

/*Table structure for table `user_modules` */

DROP TABLE IF EXISTS `user_modules`;

CREATE TABLE `user_modules` (
  `id` int unsigned NOT NULL AUTO_INCREMENT,
  `module_name` varchar(255) NOT NULL,
  PRIMARY KEY (`id`)
) ENGINE=InnoDB AUTO_INCREMENT=13 DEFAULT CHARSET=latin1;

/*Data for the table `user_modules` */

insert  into `user_modules`(`id`,`module_name`) values 
(1,'Billing'),
(2,'Configuration'),
(3,'Stock Reports'),
(4,'User management'),
(5,'Inventory'),
(6,'Account Report'),
(7,'Admin'),
(8,'Dashboard'),
(10,'Credit Management'),
(11,'order list'),
(12,'Expense');

/*Table structure for table `user_permission` */

DROP TABLE IF EXISTS `user_permission`;

CREATE TABLE `user_permission` (
  `id` int unsigned NOT NULL AUTO_INCREMENT,
  `module_id` int NOT NULL,
  `uid` int NOT NULL,
  `date` date DEFAULT NULL,
  `time` time DEFAULT NULL,
  PRIMARY KEY (`id`),
  KEY `mod` (`module_id`),
  KEY `uid` (`uid`)
) ENGINE=InnoDB AUTO_INCREMENT=120 DEFAULT CHARSET=latin1;

/*Data for the table `user_permission` */

insert  into `user_permission`(`id`,`module_id`,`uid`,`date`,`time`) values 
(70,1,1,'2025-09-19','11:43:23'),
(71,2,1,'2025-09-19','11:43:23'),
(72,3,1,'2025-09-19','11:43:23'),
(73,4,1,'2025-09-19','11:43:23'),
(74,5,1,'2025-09-19','11:43:23'),
(75,6,1,'2025-09-19','11:43:23'),
(76,7,1,'2025-09-19','11:43:23'),
(77,8,1,'2025-09-19','11:43:23'),
(81,8,1,'2025-09-19','11:51:25'),
(102,10,1,'2026-01-16',NULL),
(113,11,1,'2026-01-25',NULL),
(115,1,23,'2026-02-19','12:25:37'),
(116,12,1,'2026-02-19','12:00:00'),
(117,1,22,'2026-02-27','11:51:13'),
(118,12,22,'2026-02-27','11:51:13'),
(119,1,24,'2026-03-05','17:40:35');

/*Table structure for table `user_special_permission` */

DROP TABLE IF EXISTS `user_special_permission`;

CREATE TABLE `user_special_permission` (
  `id` int unsigned NOT NULL AUTO_INCREMENT,
  `content_id` int NOT NULL,
  `user_id` int NOT NULL,
  PRIMARY KEY (`id`)
) ENGINE=InnoDB AUTO_INCREMENT=3 DEFAULT CHARSET=utf8mb4 COLLATE=utf8mb4_0900_ai_ci;

/*Data for the table `user_special_permission` */

insert  into `user_special_permission`(`id`,`content_id`,`user_id`) values 
(1,1,1);

/*Table structure for table `users` */

DROP TABLE IF EXISTS `users`;

CREATE TABLE `users` (
  `id` int unsigned NOT NULL AUTO_INCREMENT,
  `user_name` varchar(255) NOT NULL,
  `password` varchar(255) NOT NULL,
  `is_active` int DEFAULT '1',
  `fullName` varchar(255) DEFAULT NULL,
  PRIMARY KEY (`id`)
) ENGINE=InnoDB AUTO_INCREMENT=25 DEFAULT CHARSET=latin1;

/*Data for the table `users` */

insert  into `users`(`id`,`user_name`,`password`,`is_active`,`fullName`) values 
(1,'admin','aecbf9a63cec1e93327dfc212f31acdb31c4f5d10bedccf8fbb8b042a6f0f39155797bdd04517905ae5d98b69fdc452cdb61b018e10939740ec96f36e133d639',1,'admin'),
(22,'demo','3c9909afec25354d551dae21590bb26e38d53f2173b8d3dc3eee4c047e7ab1c1eb8b85103e3be7ba613b31bb5c9c36214dc9f14a42fd7a2fdb84856bca5c44c2',1,'demo'),
(23,'hi','3c9909afec25354d551dae21590bb26e38d53f2173b8d3dc3eee4c047e7ab1c1eb8b85103e3be7ba613b31bb5c9c36214dc9f14a42fd7a2fdb84856bca5c44c2',1,'hi'),
(24,'saran','3c9909afec25354d551dae21590bb26e38d53f2173b8d3dc3eee4c047e7ab1c1eb8b85103e3be7ba613b31bb5c9c36214dc9f14a42fd7a2fdb84856bca5c44c2',1,'saran');

/*!40101 SET SQL_MODE=@OLD_SQL_MODE */;
/*!40014 SET FOREIGN_KEY_CHECKS=@OLD_FOREIGN_KEY_CHECKS */;
/*!40014 SET UNIQUE_CHECKS=@OLD_UNIQUE_CHECKS */;
/*!40111 SET SQL_NOTES=@OLD_SQL_NOTES */;
